<Oct 6, 2026 9:22:27 PM CST> <INFO> <NodeManager> <Starting WebLogic server with command line: /oracle/domains/oim_domain/bin/startWebLogic.sh >
<Oct 6, 2026 9:22:27 PM CST> <INFO> <NodeManager> <Working directory is '/oracle/domains/oim_domain'>
<Oct 6, 2026 9:22:27 PM CST> <INFO> <NodeManager> <Server output log file is '/oracle/domains/oim_domain/servers/oim_server1/logs/oim_server1.out'>
*****************************************************
** Setting up SOA specific environment...
*****************************************************
EXTRA_JAVA_PROPERTIES= -da:org.apache.xmlbeans...
.
LD_LIBRARY_PATH=:/oracle/dbhome_1/lib:/lib:/usr/lib::/oracle/mw/12c/wlserver/server/native/linux/x86_64:/oracle/mw/12c/wlserver/server/native/linux/x86_64/oci920_8
.
.
*****************************************************
** End SOA specific environment setup
*****************************************************
.
.
JAVA Memory arguments: -Xms768m -Xmx3072m
.
CLASSPATH=/oracle/mw/12c/soa/soa/modules/user-patch.jar:/oracle/mw/12c/soa/soa/modules/soa-startup.jar:/oracle/mw/12c/soa/soa/modules/oracle.bpm.runtime.classloader-util.jar:/oracle/mw/12c/oracle_common/modules/features/com.oracle.db.jdbc7-dms.jar:/oracle/java8/lib/tools.jar:/oracle/mw/12c/wlserver/server/lib/weblogic.jar:/oracle/mw/12c/wlserver/../oracle_common/modules/thirdparty/ant-contrib-1.0b3.jar:/oracle/mw/12c/wlserver/modules/features/oracle.wls.common.nodemanager.jar:/oracle/mw/12c/oracle_common/communications/modules/config.jar:/oracle/mw/12c/oracle_common/communications/modules/userprefs-config.jar:/oracle/mw/12c/soa/soa/modules/oracle.soa.common.adapters_11.1.1/oracle.soa.common.adapters.jar:/oracle/mw/12c/soa/soa/modules/oracle.cloud.adapter_12.1.3/oracle.cloud.adapter.jar:/oracle/mw/12c/osb/lib/servicebus-common.jar:/oracle/domains/oim_domain/config/soa-infra:/oracle/mw/12c/soa/soa/modules/quartz-all-1.6.5.jar:/oracle/mw/12c/soa/soa/modules/oracle.soa.fabric_11.1.1/oracle.soa.fabric.jar:/oracle/mw/12c/soa/soa/modules/oracle.soa.fabric_11.1.1/fabric-runtime-ext-wls.jar:/oracle/mw/12c/soa/soa/modules/oracle.soa.adapter_11.1.1/oracle.soa.adapter.jar:/oracle/mw/12c/soa/soa/modules/oracle.soa.b2b_11.1.1/oracle.soa.b2b.jar:/oracle/mw/12c/idm/server/apps/oim.ear/APP-INF/lib/oimdbprovider.jar:/oracle/mw/12c/oracle_common/modules/oracle.jps/jps-wls-trustprovider.jar:/agent/modules/oracle.oam.wlsagent_11.1.1/oam-wlsagent.jar:/oracle/mw/12c/oracle_common/modules/oracle.jps/jps-manifest.jar:/oracle/mw/12c/oracle_common/modules/internal/features/jrf_wlsFmw_oracle.jrf.wls.classpath.jar:/oracle/mw/12c/soa/soa/modules/oracle.soa.fabric_11.1.1/tracking-api.jar:/oracle/mw/12c/soa/soa/modules/commons-cli-1.1.jar:/oracle/mw/12c/soa/soa/modules/oracle.soa.mgmt_11.1.1/soa-infra-mgmt.jar::/oracle/mw/12c/wlserver/common/derby/lib/derbynet.jar:/oracle/mw/12c/wlserver/common/derby/lib/derbyclient.jar:/oracle/mw/12c/wlserver/common/derby/lib/derby.jar:/oracle/java8/lib/tools.jar:/oracle/dbhome_1/jlib:/oracle/dbhome_1/rdbms/jlib:/oracle/mw/12c/oracle_common/modules/oracle.jps/jps-manifest.jar
.
PATH=/oracle/domains/oim_domain/bin:/oracle/mw/12c/wlserver/server/bin:/oracle/mw/12c/wlserver/../oracle_common/modules/thirdparty/org.apache.ant/1.10.5.0.0/apache-ant-1.10.5/bin:/oracle/java8/jre/bin:/oracle/java8/bin:/oracle/java8/jre/bin:/oracle/java8/bin:/oracle/dbhome_1/bin:/usr/sbin:/usr/local/bin:/oracle/java8/bin:/oracle/mw/12c/oracle_common/modules/thirdparty/org.apache.ant/1.10.5.0.0/apache-ant-1.10.5/bin:/home/oracle/.local/bin:/home/oracle/bin:/usr/local/bin:/usr/local/sbin:/usr/bin:/usr/sbin:/var/lib/snapd/snap/bin
.
***************************************************
*  To start WebLogic Server, use a username and   *
*  password assigned to an admin-level user.  For *
*  server administration, use the WebLogic Server *
*  console at http://hostname:port/console        *
***************************************************
Starting WLS with line:
/oracle/java8/bin/java -server   -Xms768m -Xmx3072m -cp /oracle/mw/12c/wlserver/server/lib/weblogic-launcher.jar -Dlaunch.use.env.classpath=true -Dweblogic.Name=oim_server1 -Djava.security.policy=/oracle/mw/12c/wlserver/server/lib/weblogic.policy -Dweblogic.system.BootIdentityFile=/oracle/domains/oim_domain/servers/oim_server1/data/nodemanager/boot.properties -Dweblogic.nodemanager.ServiceEnabled=true -Dweblogic.nmservice.RotationEnabled=true -Dweblogic.ReverseDNSAllowed=false -Xms2g -Xmx2g -Djavax.xml.soap.MessageFactory=com.sun.xml.messaging.saaj.soap.ver1_1.SOAPMessageFactory1_1Impl -Djavax.xml.soap.MetaFactory=com.sun.xml.messaging.saaj.soap.SAAJMetaFactoryImpl -Djavax.xml.soap.SOAPConnectionFactory=com.sun.xml.messaging.saaj.client.p2p.HttpSOAPConnectionFactory -Djavax.xml.soap.SOAPFactory=com.sun.xml.messaging.saaj.soap.ver1_1.SOAPFactory1_1Impl -Dcom.sun.xml.ws.transport.http.client.HttpTransportPipe.dump=true -Dcom.sun.xml.internal.ws.transport.http.client.HttpTransportPipe.dump=true -Djava.system.class.loader=com.oracle.classloader.weblogic.LaunchClassLoader -Djava.protocol.handler.pkgs=oracle.mds.net.protocol|oracle.fabric.common.classloaderurl.handler|oracle.fabric.common.uddiurl.handler|oracle.bpm.io.fs.protocol -Dopss.version=12.2.1.3 -Digf.arisidbeans.carmlloc=/oracle/domains/oim_domain/config/fmwconfig/carml -Digf.arisidstack.home=/oracle/domains/oim_domain/config/fmwconfig/arisidprovider -Doracle.security.jps.config=/oracle/domains/oim_domain/config/fmwconfig/jps-config.xml -Doracle.deployed.app.dir=/oracle/domains/oim_domain/servers/oim_server1/tmp/_WL_user -Doracle.deployed.app.ext=/- -Dweblogic.alternateTypesDirectory=/oracle/mw/12c/oracle_common/modules/oracle.ossoiap,/oracle/mw/12c/oracle_common/modules/oracle.oamprovider,/oracle/mw/12c/oracle_common/modules/oracle.jps -Doracle.mds.filestore.preferred= -Dadf.version=12.2.1.3.0 -Dweblogic.jdbc.remoteEnabled=true -Dcommon.components.home=/oracle/mw/12c/oracle_common -Djrf.version=12.2.2 -Dorg.apache.commons.logging.Log=org.apache.commons.logging.impl.Jdk14Logger -Ddomain.home=/oracle/domains/oim_domain -Doracle.server.config.dir=/oracle/domains/oim_domain/config/fmwconfig/servers/oim_server1 -Doracle.domain.config.dir=/oracle/domains/oim_domain/config/fmwconfig -Dweblogic.oif.serialFilter=maxdepth=250  -javaagent:/oracle/mw/12c/wlserver/server/lib/debugpatch-agent.jar -da -Dwls.home=/oracle/mw/12c/wlserver/server -Dweblogic.home=/oracle/mw/12c/wlserver/server  -Djavax.management.builder.initial=weblogic.management.jmx.mbeanserver.WLSMBeanServerBuilder  -Doracle.idm.ipf.home=/oracle/mw/12c/idm//modules/oracle.idm.ipf_12.2.2 -Djavax.net.ssl.trustStore=/oracle/mw/12c/wlserver/server/lib/DemoTrust.jks  -Doracle.xml.schema/Ignore_Duplicate_Components=true  -da:org.apache.xmlbeans... -Dem.oracle.home=/oracle/mw/12c/em -DXL.HomeDir=/oracle/mw/12c/idm/server  -Dscheduler.disabled=false -Djava.security.auth.login.config=/oracle/mw/12c/idm/server/config/authwl.conf  -Dorg.owasp.esapi.resources=/oracle/mw/12c/idm/server/apps/oim.ear/APP-INF/classes -Djbo.ampool.doampooling=true -Djbo.ampool.minavailablesize=1 -Djbo.ampool.maxavailablesize=120 -Djbo.recyclethreshold=60 -Djbo.ampool.timetolive=-1 -Djbo.load.components.lazily=true -Djbo.doconnectionpooling=true -Djbo.txn.disconnect_level=1 -Djbo.connectfailover=false -Djbo.max.cursors=5 -Doracle.jdbc.implicitStatementCacheSize=5 -Doracle.jdbc.maxCachedBufferSize=19 -Djbo.load.components.lazily=true -Dweblogic.alternateTypesDirectory=/oracle/mw/12c/idm/server/loginmodule/wls,/agent/modules/oracle.oam.wlsagent_11.1.1,  -Dweblogic.jdbc.remoteEnabled=false -Dsoa.archives.dir=/oracle/mw/12c/soa/soa -Dsoa.oracle.home=/oracle/mw/12c/soa -Dsoa.instance.home=/oracle/domains/oim_domain -Dtangosol.coherence.log=jdk -Djavax.xml.soap.MessageFactory=oracle.j2ee.ws.saaj.soap.MessageFactoryImpl -Dweblogic.transaction.blocking.commit=true -Dweblogic.transaction.blocking.rollback=true -Doracle.xml.schema/Ignore_Duplicate_Components=true -Doracle.xdkjava.compatibility.version=11.1.1 -Doracle.soa.compatibility.version=11.1.1 -Ddisable-implicit-bean-discovery=true -Dums.oracle.home=/oracle/mw/12c/oracle_common -Dweblogic.management.server=http://fmw.oracle.com:6001  -Djava.util.logging.manager=oracle.core.ojdl.logging.ODLLogManager  weblogic.Server
<Oct 6, 2026 9:22:30 PM CST> <Info> <Security> <BEA-090905> <Disabling the CryptoJ JCE Provider self-integrity check for better startup performance. To enable this check, specify -Dweblogic.security.allowCryptoJDefaultJCEVerification=true.> 
<Oct 6, 2026 9:22:30 PM CST> <Info> <Security> <BEA-090906> <Changing the default Random Number Generator in RSA CryptoJ from ECDRBG128 to HMACDRBG. To disable this change, specify -Dweblogic.security.allowCryptoJDefaultPRNG=true.> 
<Oct 6, 2026 9:22:32 PM CST> <Info> <WebLogicServer> <BEA-000377> <Starting WebLogic Server with Java HotSpot(TM) 64-Bit Server VM Version 25.481-b25 from Oracle Corporation.> 
Oct 06, 2026 9:22:32 PM oracle.security.jps.wls.JpsBootStrapService start
INFO: JPS bootstrap service started.
<Oct 6, 2026 9:22:32 PM CST> <Info> <RCM> <BEA-2165021> <"ResourceManagement" is not enabled in this JVM. Enable "ResourceManagement" to use the WebLogic Server "Resource Consumption Management" feature. To enable "ResourceManagement", you must specify the following JVM options in the WebLogic Server instance in which the JVM runs: -XX:+UnlockCommercialFeatures -XX:+ResourceManagement.> 
Oct 06, 2026 9:22:32 PM oracle.security.jps.internal.config.xml.XmlConfigurationFactory validateFileLocation
INFO: JPS Config: /oracle/domains/oim_domain/config/fmwconfig/jps-config.xml
<Oct 6, 2026 9:22:33 PM CST> <Info> <Management> <BEA-141107> <Version: WebLogic Server 12.2.1.4.0> 
<Oct 6, 2026 9:22:37 PM CST> <Notice> <WebLogicServer> <BEA-000365> <Server state changed to STARTING.> 
<Oct 6, 2026 9:22:37 PM CST> <Info> <WorkManager> <BEA-002900> <Initializing self-tuning thread pool.> 
<Oct 6, 2026 9:22:37 PM CST> <Info> <WorkManager> <BEA-002942> <CMM memory level becomes 0. Setting standby thread pool size to 256.> 
<Oct 6, 2026 9:22:39,039 PM CST> <Notice> <LoggingService> <BEA-320400> <The log file /oracle/domains/oim_domain/servers/oim_server1/logs/oim_server1.log will be rotated. Reopen the log file if tailing has stopped. This can happen on some platforms, such as Windows.> 
<Oct 6, 2026 9:22:39,041 PM CST> <Notice> <LoggingService> <BEA-320401> <The log file has been rotated to /oracle/domains/oim_domain/servers/oim_server1/logs/oim_server1.log00165. Log messages will continue to be logged in /oracle/domains/oim_domain/servers/oim_server1/logs/oim_server1.log.> 
Oct 06, 2026 9:22:39 PM oracle.security.jps.wls.JpsDefaultService start
INFO: JPS default service started.
Oct 06, 2026 9:22:39 PM oracle.security.jps.JpsStartup startWithRetry
INFO: Jps initializing.
<Oct 6, 2026 9:22:39,311 PM CST> <Notice> <Log Management> <BEA-170019> <The server log file weblogic.logging.FileStreamHandler instance=1317693247
Current log file=/oracle/domains/oim_domain/servers/oim_server1/logs/oim_server1.log
Rotation dir=/oracle/domains/oim_domain/servers/oim_server1/logs
 is opened. All server side log events will be written to this file.> 
Oct 06, 2026 9:22:40 PM oracle.security.jps.internal.idstore.util.LibOvdUtil pushLdapNamesToLibOvd
INFO: Pushed ldap name and types info to libOvd. Ldaps : oracledomainsoim_domainconfigfmwconfig idstore.oim.provideridstore.oim.
Oct 06, 2026 9:22:44 PM org.hibernate.validator.internal.util.Version <clinit>
INFO: HV000001: Hibernate Validator 5.2.5.Final
Oct 06, 2026 9:22:47 PM oracle.security.jps.az.internal.runtime.policy.AbstractPolicyImpl initializeReadStore
INFO: Property for read store in parallel: oracle.security.jps.az.runtime.readstore.threads = null
Oct 06, 2026 9:22:48 PM oracle.security.jps.internal.common.util.JpsCommonUtil initPolicyProvider
INFO: Initializing OPSS Java Policy Provider.
Oct 06, 2026 9:22:48 PM oracle.security.jps.internal.common.util.JpsCommonUtil initPolicyProvider
INFO: OPSS Java Policy Provider initialized.
Oct 06, 2026 9:22:48 PM oracle.security.jps.internal.common.util.JpsCommonUtil initPolicyProvider
INFO: OPSS Java Policy Provider is set as the system-wide Policy object.
Oct 06, 2026 9:22:48 PM oracle.security.jps.JpsStartup startWithRetry
INFO: Jps started.
<Oct 6, 2026 9:22:48,536 PM CST> <Notice> <Security> <BEA-090946> <Security pre-initializing using security realm: myrealm> 
Oct 06, 2026 9:22:49 PM oracle.iam.platform.auth.providers.wls.OIMAuthenticationProvider initialize
INFO: Authentication module initialized
<Oct 6, 2026 9:22:49,510 PM CST> <Notice> <Security> <BEA-090947> <Security post-initializing using security realm: myrealm> 
<Oct 6, 2026 9:22:52,327 PM CST> <Notice> <Security> <BEA-090082> <Security initialized using administrative security realm: myrealm> 
<Oct 6, 2026 9:22:53,902 PM CST> <Notice> <JMX> <BEA-149512> <JMX Connector Server started at service:jmx:iiop://fmw.oracle.com:14000/jndi/weblogic.management.mbeanservers.runtime.> 
Oct 06, 2026 9:22:54 PM com.tangosol.coherence.component.util.logOutput.Jdk log
INFO: 2026-10-06 21:22:54.954/26.333 Oracle Coherence 12.2.1.4.28 <Info> (thread=[STANDBY] ExecuteThread: '2' for queue: 'weblogic.kernel.Default (self-tuning)', member=n/a): Loaded operational configuration from "jar:file:/oracle/mw/12c/coherence/lib/coherence.jar!/tangosol-coherence.xml"
Oct 06, 2026 9:22:54 PM com.tangosol.coherence.component.util.logOutput.Jdk log
INFO: 2026-10-06 21:22:54.992/26.372 Oracle Coherence 12.2.1.4.28 <Info> (thread=[STANDBY] ExecuteThread: '2' for queue: 'weblogic.kernel.Default (self-tuning)', member=n/a): Loaded operational overrides from "jar:file:/oracle/mw/12c/coherence/lib/coherence.jar!/tangosol-coherence-override-dev.xml"
Oct 06, 2026 9:22:55 PM com.tangosol.coherence.component.util.logOutput.Jdk log
INFO: 2026-10-06 21:22:55.020/26.400 Oracle Coherence 12.2.1.4.28 <Info> (thread=[STANDBY] ExecuteThread: '2' for queue: 'weblogic.kernel.Default (self-tuning)', member=n/a): Loaded operational overrides from "jar:file:/oracle/mw/12c/soa/soa/modules/oracle.soa.fabric_11.1.1/fabric-runtime.jar!/tangosol-coherence-override.xml"
Oct 06, 2026 9:22:55 PM com.tangosol.coherence.component.util.logOutput.Jdk log
INFO: 2026-10-06 21:22:55.027/26.407 Oracle Coherence 12.2.1.4.28 <Info> (thread=[STANDBY] ExecuteThread: '2' for queue: 'weblogic.kernel.Default (self-tuning)', member=n/a): Optional configuration override "cache-factory-config.xml" is not specified
Oct 06, 2026 9:22:55 PM com.tangosol.coherence.component.util.logOutput.Jdk log
INFO: 2026-10-06 21:22:55.030/26.410 Oracle Coherence 12.2.1.4.28 <Info> (thread=[STANDBY] ExecuteThread: '2' for queue: 'weblogic.kernel.Default (self-tuning)', member=n/a): Optional configuration override "cache-factory-builder-config.xml" is not specified
Oct 06, 2026 9:22:55 PM com.tangosol.coherence.component.util.logOutput.Jdk log
INFO: 2026-10-06 21:22:55.033/26.413 Oracle Coherence 12.2.1.4.28 <Info> (thread=[STANDBY] ExecuteThread: '2' for queue: 'weblogic.kernel.Default (self-tuning)', member=n/a): Optional configuration override "/custom-mbeans.xml" is not specified
Oct 06, 2026 9:22:55 PM com.tangosol.coherence.component.util.logOutput.Jdk log
INFO: 2026-10-06 21:22:55.773/27.153 Oracle Coherence GE 12.2.1.4.28 <Info> (thread=[STANDBY] ExecuteThread: '2' for queue: 'weblogic.kernel.Default (self-tuning)', member=n/a): The cluster name has not been configured, a value of "oracle's cluster" has been automatically generated
Oct 06, 2026 9:22:57 PM oracle.dms.servlet.DMSServletFilter setEagerlySetContextValues
INFO: The setting that controls the eager fetching of some types of execution context data has been set to true.
<Oct 6, 2026 9:23:03,096 PM CST> <Notice> <WebLogicServer> <BEA-000365> <Server state changed to STANDBY.> 
<Oct 6, 2026 9:23:03,118 PM CST> <Notice> <WebLogicServer> <BEA-000365> <Server state changed to STARTING.> 
<Oct 6, 2026 9:23:03,487 PM CST> <Notice> <Log Management> <BEA-170036> <The Logging monitoring service timer has started to check for logged message counts every 30 seconds.> 
<Oct 6, 2026 9:23:03,505 PM CST> <Notice> <Log Management> <BEA-170032> <The Server has detected ODL configuration for java.util.logging. The PlatformLoggerLevels attribute configuration on the LogMBean will be ignored.> 
<Oct 6, 2026 9:23:03,716 PM CST> <Warning> <oracle.as.jmx.framework.MessageLocalizationHelper> <J2EE JMX-46041> <The resource for bundle "oracle.iam.management.ovd.config.mbeans.MessageBundle_en" with key "ProviderConfigMXBean.changeKeyStorePassword" cannot be found.> 
<Oct 6, 2026 9:23:03,734 PM CST> <Warning> <oracle.as.jmx.framework.MessageLocalizationHelper> <J2EE JMX-46041> <The resource for bundle "oracle.iam.management.ovd.config.mbeans.MessageBundle_en" with key "ProviderConfigMXBean.deleteKeyStore" cannot be found.> 
<Oct 6, 2026 9:23:04,533 PM CST> <Notice> <Security> <BEA-090171> <Loading the identity certificate and private key stored under the alias DemoIdentity from the kss keystore file kss://system/demoidentity.> 
<Oct 6, 2026 9:23:04,571 PM CST> <Warning> <oracle.security.opss.internal.runtime.ServiceContextManagerImpl> <BEA-000000> <Bootstrap services are used by OPSS internally and clients should never need to directly read/write bootstrap credentials. If required, use Wlst or configuration management interfaces.> 
<Oct 6, 2026 9:23:04,685 PM CST> <Notice> <Security> <BEA-090169> <Loading trusted certificates from the kss keystore file kss://system/trust.> 
<Oct 6, 2026 9:23:04,686 PM CST> <Warning> <oracle.security.opss.internal.runtime.ServiceContextManagerImpl> <BEA-000000> <Bootstrap services are used by OPSS internally and clients should never need to directly read/write bootstrap credentials. If required, use Wlst or configuration management interfaces.> 
<Oct 6, 2026 9:23:04,699 PM CST> <Notice> <Security> <BEA-090169> <Loading trusted certificates from the jks keystore file /oracle/java8/jre/lib/security/cacerts.> 
<Oct 6, 2026 9:23:40,372 PM CST> <Warning> <Munger> <BEA-2156203> <A version attribute was not found in element "ejb-jar" in the deployment descriptor file:/oracle/mw/12c/idm/server/apps/oim.ear/iam-async-mdb.jar/META-INF/ejb-jar.xml. A version attribute is required, but this version of the WebLogic Server will assume that the latest version is used. Future versions of WebLogic Server will reject descriptors that do not specify the Java EE version. To eliminate this warning, add an appropriate "version=" to element "ejb-jar" in the deployment descriptor.> 
<Oct 6, 2026 9:23:41,068 PM CST> <Info> <oracle.iam.OIMPostConfigManager> <BEA-000000> <oracle.iam.OIMPostConfigManager.appListener.BootStrapListener Entering BootStrap Listner preStart Method called.> 
<Oct 6, 2026 9:23:41,073 PM CST> <Info> <oracle.iam.OIMPostConfigManager> <BEA-000000> <oracle.iam.OIMPostConfigManager.appListener.BootStrapListeneroim ear ready status changed to FALSE> 
<Oct 6, 2026 9:23:41,074 PM CST> <Info> <oracle.iam.OIMPostConfigManager> <BEA-000000> <oracle.iam.OIMPostConfigManager.appListener.BootStrapListener Entering initCSFStore() method> 
<Oct 6, 2026 9:23:41,145 PM CST> <Info> <oracle.iam.OIMPostConfigManager> <BEA-000000> <Key Already existed> 
<Oct 6, 2026 9:23:41,269 PM CST> <Info> <oracle.iam.OIMPostConfigManager> <BEA-000000> <oracle.iam.OIMPostConfigManager.appListener.BootStrapListenerExiting initCSFStore() method> 
<Oct 6, 2026 9:23:41,385 PM CST> <Info> <oracle.iam.OIMPostConfigManager> <BEA-000000> <
[OIM_CONFIG******] JAVA_HOME : /oracle/java8> 
<Oct 6, 2026 9:23:41,392 PM CST> <Info> <oracle.iam.OIMPostConfigManager> <BEA-000000> <findJVMVendorIBM:jdk_home:/oracle/java8> 
<Oct 6, 2026 9:23:41,602 PM CST> <Info> <oracle.iam.OIMPostConfigManager> <BEA-000000> <findJVMVendorIBM:VENDOR details :java version "1.8.0_481"
Java(TM) SE Runtime Environment (build 1.8.0_481-b25)
Java HotSpot(TM) 64-Bit Server VM (build 25.481-b25, mixed mode)
> 
<Oct 6, 2026 9:23:41,603 PM CST> <Info> <oracle.iam.OIMPostConfigManager> <BEA-000000> <findJVMVendorIBM:VENDOR: IS NOT IBM> 
<Oct 6, 2026 9:23:41,608 PM CST> <Info> <oracle.iam.OIMPostConfigManager> <BEA-000000> <
[OIM_CONFIG] isIBMJava:false> 
<Oct 6, 2026 9:23:41,610 PM CST> <Error> <oracle.iam.OIMPostConfigManager> <BEA-000000> <Classloader:/oracle/domains/oim_domain> 
<Oct 6, 2026 9:23:41,610 PM CST> <Error> <oracle.iam.OIMPostConfigManager> <BEA-000000> <Classloader:/oracle/domains/oim_domain> 
<Oct 6, 2026 9:23:41,612 PM CST> <Info> <oracle.iam.OIMPostConfigManager> <BEA-000000> < Domain Home : /oracle/domains/oim_domain> 
<Oct 6, 2026 9:23:41,625 PM CST> <Info> <oracle.iam.OIMPostConfigManager> <BEA-000000> <Domain Type: Admin> 
<Oct 6, 2026 9:23:41,636 PM CST> <Info> <oracle.iam.OIMPostConfigManager> <BEA-000000> <Password description............Updated for OIM> 
<Oct 6, 2026 9:23:41,643 PM CST> <Info> <oracle.iam.OIMPostConfigManager> <BEA-000000> <OIM is already configured > 
<Oct 6, 2026 9:23:41,645 PM CST> <Info> <oracle.iam.OIMPostConfigManager> <BEA-000000> <oracle.iam.OIMPostConfigManager.appListener.BootStrapListener Exiting preStart() method. > 
<Oct 6, 2026 9:23:44,687 PM CST> <Warning> <EJB> <BEA-010001> <While deploying EJB "SodCheckServicePortImplService_AsyncRequestProcessorMDB", class oracle.j2ee.ws.server.jaxws.AsyncRequestProcessorMDB was loaded from the system classpath. As a result, this class cannot be reloaded while the server is running. To prevent this behavior in the future, make sure the class is not located in the server classpath.> 
<Oct 6, 2026 9:23:44,687 PM CST> <Warning> <EJB> <BEA-015073> <Message-Driven Bean SodCheckServicePortImplService_AsyncRequestProcessorMDB(Application: oim, EJBComponent: AppAsyncMdb.jar) is configured with unknown activation-config-property name destination> 
<Oct 6, 2026 9:23:44,688 PM CST> <Warning> <EJB> <BEA-010001> <While deploying EJB "SodCheckServicePortImplService_AsyncResponseProcessorMDB", class oracle.j2ee.ws.server.jaxws.AsyncResponseProcessorMDB was loaded from the system classpath. As a result, this class cannot be reloaded while the server is running. To prevent this behavior in the future, make sure the class is not located in the server classpath.> 
<Oct 6, 2026 9:23:44,688 PM CST> <Warning> <EJB> <BEA-015073> <Message-Driven Bean SodCheckServicePortImplService_AsyncResponseProcessorMDB(Application: oim, EJBComponent: AppAsyncMdb.jar) is configured with unknown activation-config-property name destination> 
<Oct 6, 2026 9:23:46,033 PM CST> <Warning> <JAXRSIntegration> <BEA-2192510> <Cannot add Jersey servlet for application class oracle.iam.token.TokenApplication because ApplicationPath annotation is not set on it.> 
<Oct 6, 2026 9:24:32,519 PM CST> <Warning> <oracle.mds> <BEA-000000> <MDS-11033: Duplicate mappings between namespace "/oracle/adf/share/prefs" and metadata store "mdsRepos" are found in the persistence configuration.> 
<Oct 6, 2026 9:24:44,180 PM CST> <Warning> <oracle.dms.collector> <DMS-50911> <Duplicated metric table. Metric table oracle_oam:token_requests will be ignored.> 
<Oct 6, 2026 9:24:44,183 PM CST> <Warning> <oracle.dms.collector> <DMS-50911> <Duplicated metric table. Metric table oracle_oam:core_token_generation will be ignored.> 
<Oct 6, 2026 9:24:44,183 PM CST> <Warning> <oracle.dms.collector> <DMS-50911> <Duplicated metric table. Metric table oracle_oam:core_token_validation will be ignored.> 
<Oct 6, 2026 9:24:44,183 PM CST> <Warning> <oracle.dms.collector> <DMS-50911> <Duplicated metric table. Metric table oracle_oam:partner_requests will be ignored.> 
<Oct 6, 2026 9:24:44,254 PM CST> <Warning> <oracle.dms.collector> <DMS-50911> <Duplicated metric table. Metric table oracle_oam:OIF_FedSSO will be ignored.> 
<Oct 6, 2026 9:24:44,259 PM CST> <Warning> <oracle.dms.collector> <DMS-50911> <Duplicated metric table. Metric table oracle_oam:OIF_FedSSO_Protocols will be ignored.> 
<Oct 6, 2026 9:24:44,261 PM CST> <Warning> <oracle.dms.collector> <DMS-50911> <Duplicated metric table. Metric table oracle_oam:OIF_Partners_SP will be ignored.> 
<Oct 6, 2026 9:24:44,266 PM CST> <Warning> <oracle.dms.collector> <DMS-50911> <Duplicated metric table. Metric table oracle_oam:OIF_Partners_IdP will be ignored.> 
<Oct 6, 2026 9:24:44,292 PM CST> <Warning> <oracle.dms.collector> <DMS-50911> <Duplicated metric table. Metric table oracle_oam:token_requests will be ignored.> 
<Oct 6, 2026 9:24:44,293 PM CST> <Warning> <oracle.dms.collector> <DMS-50911> <Duplicated metric table. Metric table oracle_oam:core_token_generation will be ignored.> 
<Oct 6, 2026 9:24:44,293 PM CST> <Warning> <oracle.dms.collector> <DMS-50911> <Duplicated metric table. Metric table oracle_oam:core_token_validation will be ignored.> 
<Oct 6, 2026 9:24:44,293 PM CST> <Warning> <oracle.dms.collector> <DMS-50911> <Duplicated metric table. Metric table oracle_oam:partner_requests will be ignored.> 
<Oct 6, 2026 9:24:44,374 PM CST> <Warning> <oracle.dms.collector> <DMS-50911> <Duplicated metric table. Metric table oracle_soainfra:soainfra_binding_rollup will be ignored.> 
<Oct 6, 2026 9:24:44,478 PM CST> <Warning> <oracle.dms.collector> <DMS-50911> <Duplicated metric table. Metric table oracle_eps_server:DIPHealth will be ignored.> 
<Oct 6, 2026 9:24:44,480 PM CST> <Warning> <oracle.dms.collector> <DMS-50911> <Duplicated metric table. Metric table oracle_eps_server:DIPProvisioningProfiles will be ignored.> 
<Oct 6, 2026 9:24:44,481 PM CST> <Warning> <oracle.dms.collector> <DMS-50911> <Duplicated metric table. Metric table oracle_eps_server:DIPSyncProfiles will be ignored.> 
<Oct 6, 2026 9:24:44,482 PM CST> <Warning> <oracle.dms.collector> <DMS-50911> <Duplicated metric table. Metric table oracle_eps_server:dip_all_profiles_key_columns will be ignored.> 
<Oct 6, 2026 9:24:44,482 PM CST> <Warning> <oracle.dms.collector> <DMS-50911> <Duplicated metric table. Metric table oracle_eps_server:dip_aggregated_metrics will be ignored.> 
<Oct 6, 2026 9:24:44,482 PM CST> <Warning> <oracle.dms.collector> <DMS-50911> <Duplicated metric table. Metric table oracle_eps_server:dip_prov_operations will be ignored.> 
<Oct 6, 2026 9:24:44,482 PM CST> <Warning> <oracle.dms.collector> <DMS-50911> <Duplicated metric table. Metric table oracle_eps_server:dip_sync_operations will be ignored.> 
<Oct 6, 2026 9:24:44,492 PM CST> <Warning> <oracle.dms.collector> <DMS-50911> <Duplicated metric table. Metric table oracle_oim:event_handler will be ignored.> 
<Oct 6, 2026 9:24:44,493 PM CST> <Warning> <oracle.dms.collector> <DMS-50911> <Duplicated metric table. Metric table oracle_oim:adapter will be ignored.> 
<Oct 6, 2026 9:24:44,494 PM CST> <Warning> <oracle.dms.collector> <DMS-50911> <Duplicated metric table. Metric table oracle_oim:jms_queue will be ignored.> 
<Oct 6, 2026 9:24:44,495 PM CST> <Warning> <oracle.dms.collector> <DMS-50911> <Duplicated metric table. Metric table oracle_oim:overall will be ignored.> 
<Oct 6, 2026 9:24:44,495 PM CST> <Warning> <oracle.dms.collector> <DMS-50911> <Duplicated metric table. Metric table oracle_oim:spml_service will be ignored.> 
<Oct 6, 2026 9:24:44,504 PM CST> <Warning> <oracle.dms.collector> <DMS-50911> <Duplicated metric table. Metric table oracle_oam:oam_controller will be ignored.> 
<Oct 6, 2026 9:24:44,505 PM CST> <Warning> <oracle.dms.collector> <DMS-50911> <Duplicated metric table. Metric table oracle_oam:log_operations will be ignored.> 
<Oct 6, 2026 9:24:44,507 PM CST> <Warning> <oracle.dms.collector> <DMS-50911> <Duplicated metric table. Metric table oracle_oam:audit_operations will be ignored.> 
<Oct 6, 2026 9:24:44,507 PM CST> <Warning> <oracle.dms.collector> <DMS-50911> <Duplicated metric table. Metric table oracle_oam:access_clients_10g_OSSO will be ignored.> 
<Oct 6, 2026 9:24:44,507 PM CST> <Warning> <oracle.dms.collector> <DMS-50911> <Duplicated metric table. Metric table oracle_oam:access_clients_10g_OAM will be ignored.> 
<Oct 6, 2026 9:24:44,507 PM CST> <Warning> <oracle.dms.collector> <DMS-50911> <Duplicated metric table. Metric table oracle_oam:access_clients_applications will be ignored.> 
<Oct 6, 2026 9:24:44,508 PM CST> <Warning> <oracle.dms.collector> <DMS-50911> <Duplicated metric table. Metric table oracle_oam:user_identity_provider will be ignored.> 
<Oct 6, 2026 9:24:44,508 PM CST> <Warning> <oracle.dms.collector> <DMS-50911> <Duplicated metric table. Metric table oracle_oam:user_identity_provider_rate will be ignored.> 
<Oct 6, 2026 9:24:44,508 PM CST> <Warning> <oracle.dms.collector> <DMS-50911> <Duplicated metric table. Metric table oracle_oam:token_requests will be ignored.> 
<Oct 6, 2026 9:24:44,508 PM CST> <Warning> <oracle.dms.collector> <DMS-50911> <Duplicated metric table. Metric table oracle_oam:core_token_generation will be ignored.> 
<Oct 6, 2026 9:24:44,509 PM CST> <Warning> <oracle.dms.collector> <DMS-50911> <Duplicated metric table. Metric table oracle_oam:core_token_validation will be ignored.> 
<Oct 6, 2026 9:24:44,509 PM CST> <Warning> <oracle.dms.collector> <DMS-50911> <Duplicated metric table. Metric table oracle_oam:partner_requests will be ignored.> 
<Oct 6, 2026 9:24:44,706 PM CST> <Warning> <oracle.dms.collector> <DMS-50911> <Duplicated metric table. Metric table oracle_oam:OIC_token_OAM will be ignored.> 
<Oct 6, 2026 9:24:44,709 PM CST> <Warning> <oracle.dms.collector> <DMS-50911> <Duplicated metric table. Metric table oracle_oam:OIC_token_JWT will be ignored.> 
<Oct 6, 2026 9:24:44,709 PM CST> <Warning> <oracle.dms.collector> <DMS-50911> <Duplicated metric table. Metric table oracle_oam:OIC_token_mobile_OAM will be ignored.> 
<Oct 6, 2026 9:24:44,710 PM CST> <Warning> <oracle.dms.collector> <DMS-50911> <Duplicated metric table. Metric table oracle_oam:OIC_token_mobile_JWT will be ignored.> 
<Oct 6, 2026 9:24:44,710 PM CST> <Warning> <oracle.dms.collector> <DMS-50911> <Duplicated metric table. Metric table oracle_oam:OIC_rp_openid will be ignored.> 
<Oct 6, 2026 9:24:44,710 PM CST> <Warning> <oracle.dms.collector> <DMS-50911> <Duplicated metric table. Metric table oracle_oam:OIC_rp_oauth will be ignored.> 
<Oct 6, 2026 9:24:44,711 PM CST> <Warning> <oracle.dms.collector> <DMS-50911> <Duplicated metric table. Metric table oracle_oam:OIC_rp_all will be ignored.> 
<Oct 6, 2026 9:24:44,711 PM CST> <Warning> <oracle.dms.collector> <DMS-50911> <Duplicated metric table. Metric table oracle_oam:OIC_local_login_reg will be ignored.> 
<Oct 6, 2026 9:24:44,711 PM CST> <Warning> <oracle.dms.collector> <DMS-50911> <Duplicated metric table. Metric table oracle_oam:OIC_user_profile_people will be ignored.> 
<Oct 6, 2026 9:24:44,711 PM CST> <Warning> <oracle.dms.collector> <DMS-50911> <Duplicated metric table. Metric table oracle_oam:OIC_user_profile_group will be ignored.> 
<Oct 6, 2026 9:24:44,711 PM CST> <Warning> <oracle.dms.collector> <DMS-50911> <Duplicated metric table. Metric table oracle_oam:OIC_user_profile_relationship will be ignored.> 
<Oct 6, 2026 9:25:03,490 PM CST> <Warning> <Log Management> <BEA-170034> <LogMonitoring Service counted 1,532 log messages in the last 30 seconds. This exceeds the throttle threshold value of 1,500, certain repetitive messages will now be throttled.> 
<Oct 6, 2026 9:25:06,787 PM CST> <Warning> <org.glassfish.jersey.internal.Errors> <BEA-000000> <The following warnings have been detected: WARNING: The (sub)resource method rootSearch in oracle.scim.webapp.ScimRestResources contains empty path annotation.
> 
[admin-service] - Initializing OIM Rest Service
[admin-service] - Completed initialization of OIM Rest Service
[self-service] - Initializing OIM Rest Service
[self-service] - Completed initialization of OIM Rest Service
<Oct 6, 2026 9:25:13,294 PM CST> <Warning> <oracle.j2ee.ws.server.jaxws.JMSChannel> <BEA-000000> <Did not find dedicated connection factory configured for JMS producers.> 
<Oct 6, 2026 9:25:13,298 PM CST> <Warning> <oracle.j2ee.ws.server.jaxws.JMSChannel> <BEA-000000> <Did not find dedicated connection factory configured for JMS producers.> 
[EL Warning]: 2026-10-06 21:25:15.179--ServerSession(1152901841)--You have specified multiple ids for the entity class [oracle.iam.certification.vo.IDCEndPointUser] without specifying an @IdClass. By doing this you may lose the ability to find by identity, distributed cache support etc. Note: You may however use EntityManager find operations by passing a list of primary key fields. Else, you will have to use JPQL queries to read your entities. For other id options see @PrimaryKey.
Creating new Instance of MDSHelper and MDS Session
<Oct 6, 2026 9:25:18,792 PM CST> <Warning> <oracle.as.jmx.framework.MessageLocalizationHelper> <J2EE JMX-46041> <The resource for bundle "oracle.iam.platform.mbeans.MessageBundle_en" with key "oracle.iam.platform.mbeans.OIMSOAIntegrationMXBean.createComplianceViews.description" cannot be found.> 
<Oct 6, 2026 9:25:18,792 PM CST> <Warning> <oracle.as.jmx.framework.MessageLocalizationHelper> <J2EE JMX-46041> <The resource for bundle "oracle.iam.platform.mbeans.MessageBundle_en" with key "oracle.iam.platform.mbeans.OIMSOAIntegrationMXBean.createComplianceViews.wlsAdminUser.description" cannot be found.> 
<Oct 6, 2026 9:25:18,793 PM CST> <Warning> <oracle.as.jmx.framework.MessageLocalizationHelper> <J2EE JMX-46041> <The resource for bundle "oracle.iam.platform.mbeans.MessageBundle_en" with key "oracle.iam.platform.mbeans.OIMSOAIntegrationMXBean.createComplianceViews.wlsAdminPassword.description" cannot be found.> 
<Oct 6, 2026 9:25:18,793 PM CST> <Warning> <oracle.as.jmx.framework.MessageLocalizationHelper> <J2EE JMX-46041> <The resource for bundle "oracle.iam.platform.mbeans.MessageBundle_en" with key "oracle.iam.platform.mbeans.OIMSOAIntegrationMXBean.createComplianceViews.wlsAdminUser.description" cannot be found.> 
<Oct 6, 2026 9:25:18,793 PM CST> <Warning> <oracle.as.jmx.framework.MessageLocalizationHelper> <J2EE JMX-46041> <The resource for bundle "oracle.iam.platform.mbeans.MessageBundle_en" with key "oracle.iam.platform.mbeans.OIMSOAIntegrationMXBean.createComplianceViews.wlsAdminUser.displayName.description" cannot be found.> 
<Oct 6, 2026 9:25:18,793 PM CST> <Warning> <oracle.as.jmx.framework.MessageLocalizationHelper> <J2EE JMX-46041> <The resource for bundle "oracle.iam.platform.mbeans.MessageBundle_en" with key "oracle.iam.platform.mbeans.OIMSOAIntegrationMXBean.createComplianceViews.wlsAdminPassword.description" cannot be found.> 
<Oct 6, 2026 9:25:18,794 PM CST> <Warning> <oracle.as.jmx.framework.MessageLocalizationHelper> <J2EE JMX-46041> <The resource for bundle "oracle.iam.platform.mbeans.MessageBundle_en" with key "oracle.iam.platform.mbeans.OIMSOAIntegrationMXBean.createComplianceViews.wlsAdminPassword.displayName.description" cannot be found.> 
<Oct 6, 2026 9:25:18,794 PM CST> <Warning> <oracle.as.jmx.framework.MessageLocalizationHelper> <J2EE JMX-46041> <The resource for bundle "oracle.iam.platform.mbeans.MessageBundle_en" with key "oracle.iam.platform.mbeans.OIMSOAIntegrationMXBean.deleteComplianceViews.description" cannot be found.> 
<Oct 6, 2026 9:25:18,794 PM CST> <Warning> <oracle.as.jmx.framework.MessageLocalizationHelper> <J2EE JMX-46041> <The resource for bundle "oracle.iam.platform.mbeans.MessageBundle_en" with key "oracle.iam.platform.mbeans.OIMSOAIntegrationMXBean.deleteComplianceViews.wlsAdminUser.description" cannot be found.> 
<Oct 6, 2026 9:25:18,794 PM CST> <Warning> <oracle.as.jmx.framework.MessageLocalizationHelper> <J2EE JMX-46041> <The resource for bundle "oracle.iam.platform.mbeans.MessageBundle_en" with key "oracle.iam.platform.mbeans.OIMSOAIntegrationMXBean.deleteComplianceViews.wlsAdminPassword.description" cannot be found.> 
<Oct 6, 2026 9:25:18,795 PM CST> <Warning> <oracle.as.jmx.framework.MessageLocalizationHelper> <J2EE JMX-46041> <The resource for bundle "oracle.iam.platform.mbeans.MessageBundle_en" with key "oracle.iam.platform.mbeans.OIMSOAIntegrationMXBean.deleteComplianceViews.wlsAdminUser.description" cannot be found.> 
<Oct 6, 2026 9:25:18,795 PM CST> <Warning> <oracle.as.jmx.framework.MessageLocalizationHelper> <J2EE JMX-46041> <The resource for bundle "oracle.iam.platform.mbeans.MessageBundle_en" with key "oracle.iam.platform.mbeans.OIMSOAIntegrationMXBean.deleteComplianceViews.wlsAdminUser.displayName.description" cannot be found.> 
<Oct 6, 2026 9:25:18,795 PM CST> <Warning> <oracle.as.jmx.framework.MessageLocalizationHelper> <J2EE JMX-46041> <The resource for bundle "oracle.iam.platform.mbeans.MessageBundle_en" with key "oracle.iam.platform.mbeans.OIMSOAIntegrationMXBean.deleteComplianceViews.wlsAdminPassword.description" cannot be found.> 
<Oct 6, 2026 9:25:18,795 PM CST> <Warning> <oracle.as.jmx.framework.MessageLocalizationHelper> <J2EE JMX-46041> <The resource for bundle "oracle.iam.platform.mbeans.MessageBundle_en" with key "oracle.iam.platform.mbeans.OIMSOAIntegrationMXBean.deleteComplianceViews.wlsAdminPassword.displayName.description" cannot be found.> 
<Oct 6, 2026 9:25:18,884 PM CST> <Warning> <oracle.as.jmx.framework.standardmbeans.spi.MetaDataBuilderImpl> <J2EE JMX-46239> <Cannot map nonserializable type "interface java.util.List" to Open MBean Type for mbean interface oracle.iam.platform.mbeans.T2PMXBean, the return type of operation fetchFusionAPPID .> 
<Oct 6, 2026 9:25:18,929 PM CST> <Warning> <oracle.as.jmx.framework.standardmbeans.spi.MetaDataBuilderImpl> <J2EE JMX-46239> <Cannot map nonserializable type "interface java.util.List" to Open MBean Type for mbean interface oracle.iam.platform.mbeans.T2PMXBean, the return type of operation fetchRegisteredWorkflows .> 
<Oct 6, 2026 9:25:18,930 PM CST> <Warning> <oracle.as.jmx.framework.MessageLocalizationHelper> <J2EE JMX-46041> <The resource for bundle "oracle.iam.platform.mbeans.MessageBundle_en" with key "oracle.iam.platform.mbeans.T2PMXBean.modifyAdminUserPassword" cannot be found.> 
<Oct 6, 2026 9:25:19,026 PM CST> <Warning> <oracle.iam.platform.config> <BEA-000000> <Notification listener not found by MBean nameoracle.iam:name=WLDFNotificationConfigurationMBean,type=IAMAppRuntimeMBean,Application=oim> 
<Oct 6, 2026 9:25:19,059 PM CST> <Warning> <oracle.as.jmx.framework.MessageLocalizationHelper> <J2EE JMX-46041> <The resource for bundle "oracle.iam.platform.mbeans.MessageBundle_en" with key "oracle.iam.platform.mbeans.MultiTenancyConfigMXBean.description" cannot be found.> 
<Oct 6, 2026 9:25:19,218 PM CST> <Warning> <oracle.as.jmx.framework.MessageLocalizationHelper> <J2EE JMX-46041> <The resource for bundle "oracle.iam.platform.mbeans.MessageBundle_en" with key "oracle.iam.platform.mbeans.MultiTenancyConfigMXBean.addPoliciesForConfiguredTenant" cannot be found.> 
<Oct 6, 2026 9:25:19,223 PM CST> <Warning> <oracle.as.jmx.framework.MessageLocalizationHelper> <J2EE JMX-46041> <The resource for bundle "oracle.iam.platform.mbeans.MessageBundle_en" with key "oracle.iam.platform.mbeans.MultiTenancyConfigMXBean.addPoliciesForTenant" cannot be found.> 
<Oct 6, 2026 9:25:19,224 PM CST> <Warning> <oracle.as.jmx.framework.MessageLocalizationHelper> <J2EE JMX-46041> <The resource for bundle "oracle.iam.platform.mbeans.MessageBundle_en" with key "oracle.iam.platform.mbeans.MultiTenancyConfigMXBean.addPoliciesForTenant" cannot be found.> 
<Oct 6, 2026 9:25:19,224 PM CST> <Warning> <oracle.as.jmx.framework.MessageLocalizationHelper> <J2EE JMX-46041> <The resource for bundle "oracle.iam.platform.mbeans.MessageBundle_en" with key "oracle.iam.platform.mbeans.MultiTenancyConfigMXBean.deletePoliciesForConfiguredTenant" cannot be found.> 
<Oct 6, 2026 9:25:19,225 PM CST> <Warning> <oracle.as.jmx.framework.MessageLocalizationHelper> <J2EE JMX-46041> <The resource for bundle "oracle.iam.platform.mbeans.MessageBundle_en" with key "oracle.iam.platform.mbeans.MultiTenancyConfigMXBean.deletePoliciesForTenant" cannot be found.> 
<Oct 6, 2026 9:25:19,225 PM CST> <Warning> <oracle.as.jmx.framework.MessageLocalizationHelper> <J2EE JMX-46041> <The resource for bundle "oracle.iam.platform.mbeans.MessageBundle_en" with key "oracle.iam.platform.mbeans.MultiTenancyConfigMXBean.deletePoliciesForTenant" cannot be found.> 
<Oct 6, 2026 9:25:19,226 PM CST> <Warning> <oracle.as.jmx.framework.MessageLocalizationHelper> <J2EE JMX-46041> <The resource for bundle "oracle.iam.platform.mbeans.MessageBundle_en" with key "oracle.iam.platform.mbeans.MultiTenancyConfigMXBean.description" cannot be found.> 
<Oct 6, 2026 9:25:19,259 PM CST> <Warning> <oracle.as.jmx.framework.MessageLocalizationHelper> <J2EE JMX-46041> <The resource for bundle "oracle.iam.platform.mbeans.MessageBundle_en" with key "oracle.iam.platform.mbeans.MultiTenancyConfigMXBean.configureScheduleTaskDefinition" cannot be found.> 
<Oct 6, 2026 9:25:19,261 PM CST> <Warning> <oracle.as.jmx.framework.MessageLocalizationHelper> <J2EE JMX-46041> <The resource for bundle "oracle.iam.platform.mbeans.MessageBundle_en" with key "oracle.iam.platform.mbeans.MultiTenancyConfigMXBean.configureScheduleTaskJob" cannot be found.> 
<Oct 6, 2026 9:25:19,261 PM CST> <Warning> <oracle.as.jmx.framework.MessageLocalizationHelper> <J2EE JMX-46041> <The resource for bundle "oracle.iam.platform.mbeans.MessageBundle_en" with key "oracle.iam.platform.mbeans.MultiTenancyConfigMXBean.configureScheduleTaskPlugin" cannot be found.> 
<Oct 6, 2026 9:25:19,262 PM CST> <Warning> <oracle.as.jmx.framework.MessageLocalizationHelper> <J2EE JMX-46041> <The resource for bundle "oracle.iam.platform.mbeans.MessageBundle_en" with key "oracle.iam.platform.mbeans.MultiTenancyConfigMXBean.configureNotificationArtifacts" cannot be found.> 
<Oct 6, 2026 9:25:19,262 PM CST> <Warning> <oracle.as.jmx.framework.MessageLocalizationHelper> <J2EE JMX-46041> <The resource for bundle "oracle.iam.platform.mbeans.MessageBundle_en" with key "oracle.iam.platform.mbeans.MultiTenancyConfigMXBean.configureNotificationTemplate" cannot be found.> 
<Oct 6, 2026 9:25:19,263 PM CST> <Warning> <oracle.as.jmx.framework.MessageLocalizationHelper> <J2EE JMX-46041> <The resource for bundle "oracle.iam.platform.mbeans.MessageBundle_en" with key "oracle.iam.platform.mbeans.MultiTenancyConfigMXBean.configureNotificationEvent" cannot be found.> 
<Oct 6, 2026 9:25:19,263 PM CST> <Warning> <oracle.as.jmx.framework.MessageLocalizationHelper> <J2EE JMX-46041> <The resource for bundle "oracle.iam.platform.mbeans.MessageBundle_en" with key "oracle.iam.platform.mbeans.MultiTenancyConfigMXBean.configureNotificationPlugin" cannot be found.> 
<Oct 6, 2026 9:25:19,263 PM CST> <Warning> <oracle.as.jmx.framework.MessageLocalizationHelper> <J2EE JMX-46041> <The resource for bundle "oracle.iam.platform.mbeans.MessageBundle_en" with key "oracle.iam.platform.mbeans.MultiTenancyConfigMXBean.configureScheduleTaskArtficats" cannot be found.> 
<Oct 6, 2026 9:25:19,294 PM CST> <Warning> <oracle.as.jmx.framework.MessageLocalizationHelper> <J2EE JMX-46041> <The resource for bundle "oracle.iam.platform.mbeans.MessageBundle_en" with key "oracle.iam.platform.mbeans.CertificationDefinitionMXBean.updateCertificationDefinitions" cannot be found.> 
<Oct 6, 2026 9:25:19,295 PM CST> <Warning> <oracle.as.jmx.framework.MessageLocalizationHelper> <J2EE JMX-46041> <The resource for bundle "oracle.iam.platform.mbeans.MessageBundle_en" with key "oracle.iam.platform.mbeans.CertificationDefinitionMXBean.updateCertificationDefinition" cannot be found.> 
<Oct 6, 2026 9:25:19,448 PM CST> <Warning> <oracle.as.jmx.framework.MessageLocalizationHelper> <J2EE JMX-46041> <The resource for bundle "oracle.iam.platform.mbeans.MessageBundle_en" with key "oracle.iam.platform.mbeans.LDAPSyncConfigMXBean.removeLDAPSyncConfiguration" cannot be found.> 
SLF4J: Failed to load class "org.slf4j.impl.StaticLoggerBinder".
SLF4J: Defaulting to no-operation (NOP) logger implementation
SLF4J: See http://www.slf4j.org/codes.html#StaticLoggerBinder for further details.
Creating new Instance of MDSHelper and MDS Session
<Oct 6, 2026 9:25:20,491 PM CST> <Warning> <oracle.iam.platform.pluginframework> <IAM-1050022> <Unable to load plugins from /oracle/mw/12c/idm/server/plugins/maven. Error /oracle/mw/12c/idm/server/plugins/maven/plugin.xml (No such file or directory)> 
<Oct 6, 2026 9:25:20,608 PM CST> <Warning> <oracle.as.jmx.framework.MessageLocalizationHelper> <J2EE JMX-46041> <The resource for bundle "oracle.iam.platform.mbeans.MessageBundle_en" with key "oracle.iam.platform.mbeans.NotificationPolicyConfigMXBean.updatePoliciesForNonSpmlBasedUserRoleCreationCallbacks" cannot be found.> 
<Oct 6, 2026 9:25:20,649 PM CST> <Warning> <oracle.as.jmx.framework.MessageLocalizationHelper> <J2EE JMX-46041> <The resource for bundle "oracle.iam.platform.mbeans.MessageBundle_en" with key "oracle.iam.platform.mbeans.RoleCategorySeedMXBean.seedRoleCategoriesMT" cannot be found.> 
<Oct 6, 2026 9:25:20,735 PM CST> <Warning> <oracle.as.jmx.framework.MessageLocalizationHelper> <J2EE JMX-46041> <The resource for bundle "oracle.iam.platform.mbeans.MessageBundle_en" with key "oracle.iam.platform.mbeans.FAPostProvisioningConfigMXBean.description" cannot be found.> 
<Oct 6, 2026 9:25:20,736 PM CST> <Warning> <oracle.as.jmx.framework.MessageLocalizationHelper> <J2EE JMX-46041> <The resource for bundle "oracle.iam.platform.mbeans.MessageBundle_en" with key "oracle.iam.platform.mbeans.FAPostProvisioningConfigMXBean.runPostProvisioningConfig" cannot be found.> 
<Oct 6, 2026 9:25:20,737 PM CST> <Warning> <oracle.as.jmx.framework.MessageLocalizationHelper> <J2EE JMX-46041> <The resource for bundle "oracle.iam.platform.mbeans.MessageBundle_en" with key "oracle.iam.platform.mbeans.FAPostProvisioningConfigMXBean.description" cannot be found.> 
<Oct 6, 2026 9:25:21,395 PM CST> <Warning> <oracle.iam.platform.utils.schema> <IAM-0074001> <XML schema validation error - Col=-1, Line=-1 - cvc-complex-type.2.4.b: The content of element 'attribute' is not complete. One of '{description, multi-valued, MLS, multi-represented, default-value, attribute-group}' is expected.> 
<Oct 6, 2026 9:25:21,415 PM CST> <Warning> <oracle.iam.platform.utils.schema> <IAM-0074001> <XML schema validation error - Col=-1, Line=-1 - cvc-complex-type.2.4.b: The content of element 'attribute' is not complete. One of '{description, multi-valued, MLS, multi-represented, default-value, attribute-group}' is expected.> 
<Oct 6, 2026 9:25:21,417 PM CST> <Warning> <oracle.iam.platform.utils.schema> <IAM-0074001> <XML schema validation error - Col=-1, Line=-1 - cvc-complex-type.2.4.b: The content of element 'attribute' is not complete. One of '{description, multi-valued, MLS, multi-represented, default-value, attribute-group}' is expected.> 
<Oct 6, 2026 9:25:21,420 PM CST> <Warning> <oracle.iam.platform.utils.schema> <IAM-0074001> <XML schema validation error - Col=-1, Line=-1 - cvc-complex-type.2.4.b: The content of element 'attribute' is not complete. One of '{description, multi-valued, MLS, multi-represented, default-value, attribute-group}' is expected.> 
<Oct 6, 2026 9:25:21,422 PM CST> <Warning> <oracle.iam.platform.utils.schema> <IAM-0074001> <XML schema validation error - Col=-1, Line=-1 - cvc-complex-type.2.4.b: The content of element 'attribute' is not complete. One of '{description, searchable, multi-valued, MLS, multi-represented, default-value, attribute-group}' is expected.> 
<Oct 6, 2026 9:25:21,423 PM CST> <Warning> <oracle.iam.platform.utils.schema> <IAM-0074001> <XML schema validation error - Col=-1, Line=-1 - cvc-complex-type.2.4.b: The content of element 'attribute' is not complete. One of '{description, searchable, multi-valued, MLS, multi-represented, default-value, attribute-group}' is expected.> 
<Oct 6, 2026 9:25:21,426 PM CST> <Warning> <oracle.iam.platform.utils.schema> <IAM-0074001> <XML schema validation error - Col=-1, Line=-1 - cvc-complex-type.2.4.b: The content of element 'attribute' is not complete. One of '{description, searchable, multi-valued, MLS, multi-represented, default-value, attribute-group}' is expected.> 
<Oct 6, 2026 9:25:21,429 PM CST> <Warning> <oracle.iam.platform.utils.schema> <IAM-0074001> <XML schema validation error - Col=-1, Line=-1 - cvc-complex-type.2.4.b: The content of element 'attribute' is not complete. One of '{description, searchable, multi-valued, MLS, multi-represented, default-value, attribute-group}' is expected.> 
<Oct 6, 2026 9:25:21,627 PM CST> <Warning> <oracle.iam.platform.utils.schema> <IAM-0074001> <XML schema validation error - Col=-1, Line=-1 - cvc-complex-type.2.4.b: The content of element 'attribute' is not complete. One of '{description, multi-valued, MLS, multi-represented, default-value, attribute-group}' is expected.> 
<Oct 6, 2026 9:25:21,628 PM CST> <Warning> <oracle.iam.platform.utils.schema> <IAM-0074001> <XML schema validation error - Col=-1, Line=-1 - cvc-complex-type.2.4.b: The content of element 'attribute' is not complete. One of '{description, multi-valued, MLS, multi-represented, default-value, attribute-group}' is expected.> 
<Oct 6, 2026 9:25:21,629 PM CST> <Warning> <oracle.iam.platform.utils.schema> <IAM-0074001> <XML schema validation error - Col=-1, Line=-1 - cvc-complex-type.2.4.b: The content of element 'attribute' is not complete. One of '{description, multi-valued, MLS, multi-represented, default-value, attribute-group}' is expected.> 
<Oct 6, 2026 9:25:21,635 PM CST> <Warning> <oracle.iam.platform.utils.schema> <IAM-0074001> <XML schema validation error - Col=-1, Line=-1 - cvc-complex-type.2.4.b: The content of element 'attribute' is not complete. One of '{description, multi-valued, MLS, multi-represented, default-value, attribute-group}' is expected.> 
<Oct 6, 2026 9:25:21,637 PM CST> <Warning> <oracle.iam.platform.utils.schema> <IAM-0074001> <XML schema validation error - Col=-1, Line=-1 - cvc-complex-type.2.4.b: The content of element 'attribute' is not complete. One of '{description, multi-valued, MLS, multi-represented, default-value, attribute-group}' is expected.> 
<Oct 6, 2026 9:25:21,638 PM CST> <Warning> <oracle.iam.platform.utils.schema> <IAM-0074001> <XML schema validation error - Col=-1, Line=-1 - cvc-complex-type.2.4.b: The content of element 'attribute' is not complete. One of '{multi-valued, MLS, multi-represented, default-value, attribute-group}' is expected.> 
<Oct 6, 2026 9:25:21,639 PM CST> <Warning> <oracle.iam.platform.utils.schema> <IAM-0074001> <XML schema validation error - Col=-1, Line=-1 - cvc-complex-type.2.4.b: The content of element 'attribute' is not complete. One of '{multi-valued, MLS, multi-represented, default-value, attribute-group}' is expected.> 
<Oct 6, 2026 9:25:21,640 PM CST> <Warning> <oracle.iam.platform.utils.schema> <IAM-0074001> <XML schema validation error - Col=-1, Line=-1 - cvc-complex-type.2.4.b: The content of element 'attribute' is not complete. One of '{description, multi-valued, MLS, multi-represented, default-value, attribute-group}' is expected.> 
<Oct 6, 2026 9:25:21,640 PM CST> <Warning> <oracle.iam.platform.utils.schema> <IAM-0074001> <XML schema validation error - Col=-1, Line=-1 - cvc-complex-type.2.4.b: The content of element 'attribute' is not complete. One of '{searchable, multi-valued, MLS, multi-represented, default-value, attribute-group}' is expected.> 
<Oct 6, 2026 9:25:21,641 PM CST> <Warning> <oracle.iam.platform.utils.schema> <IAM-0074001> <XML schema validation error - Col=-1, Line=-1 - cvc-complex-type.2.4.b: The content of element 'attribute' is not complete. One of '{multi-valued, MLS, multi-represented, default-value, attribute-group}' is expected.> 
<Oct 6, 2026 9:25:21,642 PM CST> <Warning> <oracle.iam.platform.utils.schema> <IAM-0074001> <XML schema validation error - Col=-1, Line=-1 - cvc-complex-type.2.4.b: The content of element 'attribute' is not complete. One of '{multi-valued, MLS, multi-represented, default-value, attribute-group}' is expected.> 
<Oct 6, 2026 9:25:21,643 PM CST> <Warning> <oracle.iam.platform.utils.schema> <IAM-0074001> <XML schema validation error - Col=-1, Line=-1 - cvc-complex-type.2.4.b: The content of element 'attribute' is not complete. One of '{multi-valued, MLS, multi-represented, default-value, attribute-group}' is expected.> 
<Oct 6, 2026 9:25:21,655 PM CST> <Warning> <oracle.iam.platform.utils.schema> <IAM-0074001> <XML schema validation error - Col=-1, Line=-1 - cvc-complex-type.2.4.b: The content of element 'attribute' is not complete. One of '{multi-valued, MLS, multi-represented, default-value, attribute-group}' is expected.> 
<Oct 6, 2026 9:25:21,658 PM CST> <Warning> <oracle.iam.platform.utils.schema> <IAM-0074001> <XML schema validation error - Col=-1, Line=-1 - cvc-complex-type.2.4.b: The content of element 'attribute' is not complete. One of '{multi-valued, MLS, multi-represented, default-value, attribute-group}' is expected.> 
<Oct 6, 2026 9:25:25,121 PM CST> <Warning> <oracle.adfinternal.view.faces.partition.FeatureUtils> <ADF_FACES-30130> <Ignoring feature-dependency on feature "AdfUIChoose". No such feature exists.> 
<Oct 6, 2026 9:25:26,290 PM CST> <Error> <XELLERATE.DATABASE> <BEA-000000> <Using oimJMSStoreDS for direct db> 
[EL Info]: 2026-10-06 21:25:27.867--ServerSession(1911873182)--EclipseLink, version: Eclipse Persistence Services - 2.6.7.v20190604-418f1a1c56
[EL Info]: 2026-10-06 21:25:27.867--ServerSession(1911873182)--Server: 12.2.1.4.0
[EL Info]: connection: 2026-10-06 21:25:28.214--ServerSession(1911873182)--oim login successful
<Oct 6, 2026 9:25:29,101 PM CST> <Error> <XELLERATE.DATABASE> <BEA-000000> <tcServerProperties.getConfigRefreshCycle Invalid value for configRefreshCycle oracle.iam.conf.exception.SystemConfigurationServiceException: The system property with keyword OIG.ConfigRefreshCycle does not exist.> 
Table prefix : QRTZ92_
<Oct 6, 2026 9:25:31,546 PM CST> <Info> <oracle.iam.OIMPostConfigManager> <BEA-000000> <oracle.iam.OIMPostConfigManager.appListener.BootStrapListenerBootStrap Listner postStart MethoIAM-0030002d called.> 
<Oct 6, 2026 9:25:31,547 PM CST> <Info> <oracle.iam.OIMPostConfigManager> <BEA-000000> <oracle.iam.OIMPostConfigManager.appListener.BootStrapListeneroimConfigManager was found null so creating the instance> 
<Oct 6, 2026 9:25:31,547 PM CST> <Info> <oracle.iam.OIMPostConfigManager> <BEA-000000> <oracle.iam.OIMPostConfigManager.appListener.BootStrapListenergoing to redo things> 
<Oct 6, 2026 9:25:31,547 PM CST> <Info> <oracle.iam.OIMPostConfigManager> <BEA-000000> <oracle.iam.OIMPostConfigManager.appListener.BootStrapListenergoing to other class> 
<Oct 6, 2026 9:25:31,714 PM CST> <Info> <oracle.iam.OIMPostConfigManager> <BEA-000000> <Entering configureOIM_InPostStart() method of OIMConfigManager class> 
<Oct 6, 2026 9:25:31,724 PM CST> <Info> <oracle.iam.OIMPostConfigManager> <BEA-000000> <Key description............null> 
<Oct 6, 2026 9:25:31,738 PM CST> <Info> <oracle.iam.OIMPostConfigManager> <BEA-000000> <Key description............null> 
<Oct 6, 2026 9:25:31,746 PM CST> <Info> <oracle.iam.OIMPostConfigManager> <BEA-000000> <Entering getConnection() method to get OIM DB connection.> 
<Oct 6, 2026 9:25:31,755 PM CST> <Info> <oracle.iam.OIMPostConfigManager> <BEA-000000> <DB URL: jdbc:oracle:thin:@//fmw.oracle.com:1521/ORCLPDB.ORACLE.COM> 
<Oct 6, 2026 9:25:31,756 PM CST> <Info> <oracle.iam.OIMPostConfigManager> <BEA-000000> <DB UserName: OIMD_OIM> 
<Oct 6, 2026 9:25:31,756 PM CST> <Info> <oracle.iam.OIMPostConfigManager> <BEA-000000> <DB Driver Name: Oracle JDBC driver> 
<Oct 6, 2026 9:25:31,757 PM CST> <Info> <oracle.iam.OIMPostConfigManager> <BEA-000000> <Entering getConnection() method to get OIM DB connection.> 
<Oct 6, 2026 9:25:31,758 PM CST> <Info> <oracle.iam.OIMPostConfigManager> <BEA-000000> <Entering executeAndRegisterTask() method of OIMConfigManager class> 
<Oct 6, 2026 9:25:31,759 PM CST> <Info> <oracle.iam.OIMPostConfigManager> <BEA-000000> <Executing task:UPGRADEQUARTZSCHEDULER> 
<Oct 6, 2026 9:25:31,761 PM CST> <Info> <oracle.iam.OIMPostConfigManager> <BEA-000000> < task state:COMPLETE> 
<Oct 6, 2026 9:25:31,762 PM CST> <Info> <oracle.iam.OIMPostConfigManager> <BEA-000000> <Already Completed> 
<Oct 6, 2026 9:25:31,762 PM CST> <Info> <oracle.iam.OIMPostConfigManager> <BEA-000000> <Completed> 
<Oct 6, 2026 9:25:31,762 PM CST> <Info> <oracle.iam.OIMPostConfigManager> <BEA-000000> <Entering CheckIfDisallowWhiteSpaceExists()> 
<Oct 6, 2026 9:25:31,790 PM CST> <Info> <oracle.iam.OIMPostConfigManager> <BEA-000000> <=====> PWR_DISALLOW_WHITESPACE exists> 
<Oct 6, 2026 9:25:31,793 PM CST> <Info> <oracle.iam.OIMPostConfigManager> <BEA-000000> <Exiting CheckIfDisallowWhiteSpaceExists() returning:true> 
<Oct 6, 2026 9:25:31,794 PM CST> <Info> <oracle.iam.OIMPostConfigManager> <BEA-000000> <Entering executeAndRegisterPostStartTask() method of OIMConfigManager class. With TaskName:UPDATEPASSWORDPOLICIES> 
<Oct 6, 2026 9:25:31,794 PM CST> <Info> <oracle.iam.OIMPostConfigManager> <BEA-000000> <Executing task:UPDATEPASSWORDPOLICIES> 
<Oct 6, 2026 9:25:31,796 PM CST> <Info> <oracle.iam.OIMPostConfigManager> <BEA-000000> < task state:COMPLETE> 
<Oct 6, 2026 9:25:31,796 PM CST> <Info> <oracle.iam.OIMPostConfigManager> <BEA-000000> <Already Completed> 
<Oct 6, 2026 9:25:31,797 PM CST> <Info> <oracle.iam.OIMPostConfigManager> <BEA-000000> <Completed> 
<Oct 6, 2026 9:25:31,797 PM CST> <Info> <oracle.iam.OIMPostConfigManager> <BEA-000000> <Exiting executeAndRegisterPostStartTask() method of OIMConfigManager class> 
<Oct 6, 2026 9:25:31,798 PM CST> <Info> <oracle.iam.OIMPostConfigManager> <BEA-000000> <Entering executeAndRegisterPostStartTask() method of OIMConfigManager class. With TaskName:SEEDADAPTERS> 
<Oct 6, 2026 9:25:31,798 PM CST> <Info> <oracle.iam.OIMPostConfigManager> <BEA-000000> <Executing task:SEEDADAPTERS> 
<Oct 6, 2026 9:25:31,799 PM CST> <Info> <oracle.iam.OIMPostConfigManager> <BEA-000000> < task state:COMPLETE> 
<Oct 6, 2026 9:25:31,799 PM CST> <Info> <oracle.iam.OIMPostConfigManager> <BEA-000000> <Already Completed> 
<Oct 6, 2026 9:25:31,799 PM CST> <Info> <oracle.iam.OIMPostConfigManager> <BEA-000000> <Completed> 
<Oct 6, 2026 9:25:31,799 PM CST> <Info> <oracle.iam.OIMPostConfigManager> <BEA-000000> <Exiting executeAndRegisterPostStartTask() method of OIMConfigManager class> 
<Oct 6, 2026 9:25:31,800 PM CST> <Info> <oracle.iam.OIMPostConfigManager> <BEA-000000> <Entering executeAndRegisterPostStartTask() method of OIMConfigManager class. With TaskName:UPDATESSOINTEGRATIONMBEAN> 
<Oct 6, 2026 9:25:31,801 PM CST> <Info> <oracle.iam.OIMPostConfigManager> <BEA-000000> <Executing task:UPDATESSOINTEGRATIONMBEAN> 
<Oct 6, 2026 9:25:31,805 PM CST> <Info> <oracle.iam.OIMPostConfigManager> <BEA-000000> < task state:COMPLETE> 
<Oct 6, 2026 9:25:31,809 PM CST> <Info> <oracle.iam.OIMPostConfigManager> <BEA-000000> <Already Completed> 
<Oct 6, 2026 9:25:31,811 PM CST> <Info> <oracle.iam.OIMPostConfigManager> <BEA-000000> <Completed> 
<Oct 6, 2026 9:25:31,814 PM CST> <Info> <oracle.iam.OIMPostConfigManager> <BEA-000000> <Exiting executeAndRegisterPostStartTask() method of OIMConfigManager class> 
<Oct 6, 2026 9:25:31,815 PM CST> <Info> <oracle.iam.OIMPostConfigManager> <BEA-000000> <Entering executeAndRegisterPostStartTask() method of OIMConfigManager class. With TaskName:SEEDSSOINTGJOBS> 
<Oct 6, 2026 9:25:31,815 PM CST> <Info> <oracle.iam.OIMPostConfigManager> <BEA-000000> <Executing task:SEEDSSOINTGJOBS> 
<Oct 6, 2026 9:25:31,817 PM CST> <Info> <oracle.iam.OIMPostConfigManager> <BEA-000000> < task state:COMPLETE> 
<Oct 6, 2026 9:25:31,817 PM CST> <Info> <oracle.iam.OIMPostConfigManager> <BEA-000000> <Already Completed> 
<Oct 6, 2026 9:25:31,818 PM CST> <Info> <oracle.iam.OIMPostConfigManager> <BEA-000000> <Completed> 
<Oct 6, 2026 9:25:31,818 PM CST> <Info> <oracle.iam.OIMPostConfigManager> <BEA-000000> <Exiting executeAndRegisterPostStartTask() method of OIMConfigManager class> 
<Oct 6, 2026 9:25:31,818 PM CST> <Info> <oracle.iam.OIMPostConfigManager> <BEA-000000> <Entering executeAndRegisterPostStartTask() method of OIMConfigManager class. With TaskName:SEEDSSOEVENTHANDLERSXML> 
<Oct 6, 2026 9:25:31,819 PM CST> <Info> <oracle.iam.OIMPostConfigManager> <BEA-000000> <Executing task:SEEDSSOEVENTHANDLERSXML> 
<Oct 6, 2026 9:25:31,820 PM CST> <Info> <oracle.iam.OIMPostConfigManager> <BEA-000000> < task state:COMPLETE> 
<Oct 6, 2026 9:25:31,822 PM CST> <Info> <oracle.iam.OIMPostConfigManager> <BEA-000000> <Already Completed> 
<Oct 6, 2026 9:25:31,822 PM CST> <Info> <oracle.iam.OIMPostConfigManager> <BEA-000000> <Completed> 
<Oct 6, 2026 9:25:31,822 PM CST> <Info> <oracle.iam.OIMPostConfigManager> <BEA-000000> <Exiting executeAndRegisterPostStartTask() method of OIMConfigManager class> 
<Oct 6, 2026 9:25:31,823 PM CST> <Info> <oracle.iam.OIMPostConfigManager> <BEA-000000> <Entering executeAndRegisterPostStartTask() method of OIMConfigManager class. With TaskName:SEEDENTASSIGNHISTORYPURGETASKANDJOB> 
<Oct 6, 2026 9:25:31,823 PM CST> <Info> <oracle.iam.OIMPostConfigManager> <BEA-000000> <Executing task:SEEDENTASSIGNHISTORYPURGETASKANDJOB> 
<Oct 6, 2026 9:25:31,824 PM CST> <Info> <oracle.iam.OIMPostConfigManager> <BEA-000000> < task state:COMPLETE> 
<Oct 6, 2026 9:25:31,824 PM CST> <Info> <oracle.iam.OIMPostConfigManager> <BEA-000000> <Already Completed> 
<Oct 6, 2026 9:25:31,825 PM CST> <Info> <oracle.iam.OIMPostConfigManager> <BEA-000000> <Completed> 
<Oct 6, 2026 9:25:31,825 PM CST> <Info> <oracle.iam.OIMPostConfigManager> <BEA-000000> <Exiting executeAndRegisterPostStartTask() method of OIMConfigManager class> 
<Oct 6, 2026 9:25:31,825 PM CST> <Info> <oracle.iam.OIMPostConfigManager> <BEA-000000> <Entering executeAndRegisterPostStartTask() method of OIMConfigManager class. With TaskName:SEEDCERTIFICATIONCOMMENTSMININGTASKANDJOB> 
<Oct 6, 2026 9:25:31,825 PM CST> <Info> <oracle.iam.OIMPostConfigManager> <BEA-000000> <Executing task:SEEDCERTIFICATIONCOMMENTSMININGTASKANDJOB> 
<Oct 6, 2026 9:25:31,826 PM CST> <Info> <oracle.iam.OIMPostConfigManager> <BEA-000000> < task state:COMPLETE> 
<Oct 6, 2026 9:25:31,827 PM CST> <Info> <oracle.iam.OIMPostConfigManager> <BEA-000000> <Already Completed> 
<Oct 6, 2026 9:25:31,827 PM CST> <Info> <oracle.iam.OIMPostConfigManager> <BEA-000000> <Completed> 
<Oct 6, 2026 9:25:31,827 PM CST> <Info> <oracle.iam.OIMPostConfigManager> <BEA-000000> <Exiting executeAndRegisterPostStartTask() method of OIMConfigManager class> 
<Oct 6, 2026 9:25:31,828 PM CST> <Info> <oracle.iam.OIMPostConfigManager> <BEA-000000> <Entering executeAndRegisterPostStartTask() method of OIMConfigManager class. With TaskName:UpdatePolKeyInCertTable> 
<Oct 6, 2026 9:25:31,828 PM CST> <Info> <oracle.iam.OIMPostConfigManager> <BEA-000000> <Executing task:UpdatePolKeyInCertTable> 
<Oct 6, 2026 9:25:31,829 PM CST> <Info> <oracle.iam.OIMPostConfigManager> <BEA-000000> < task state:COMPLETE> 
<Oct 6, 2026 9:25:31,829 PM CST> <Info> <oracle.iam.OIMPostConfigManager> <BEA-000000> <Already Completed> 
<Oct 6, 2026 9:25:31,829 PM CST> <Info> <oracle.iam.OIMPostConfigManager> <BEA-000000> <Completed> 
<Oct 6, 2026 9:25:31,830 PM CST> <Info> <oracle.iam.OIMPostConfigManager> <BEA-000000> <Exiting executeAndRegisterPostStartTask() method of OIMConfigManager class> 
<Oct 6, 2026 9:25:31,830 PM CST> <Info> <oracle.iam.OIMPostConfigManager> <BEA-000000> <Entering executeAndRegisterPostStartTask() method of OIMConfigManager class. With TaskName:SEEDHIERARCHICALENTITLEMENTSTASKANDJOB> 
<Oct 6, 2026 9:25:31,830 PM CST> <Info> <oracle.iam.OIMPostConfigManager> <BEA-000000> <Executing task:SEEDHIERARCHICALENTITLEMENTSTASKANDJOB> 
<Oct 6, 2026 9:25:31,832 PM CST> <Info> <oracle.iam.OIMPostConfigManager> <BEA-000000> < task state:COMPLETE> 
<Oct 6, 2026 9:25:31,832 PM CST> <Info> <oracle.iam.OIMPostConfigManager> <BEA-000000> <Already Completed> 
<Oct 6, 2026 9:25:31,832 PM CST> <Info> <oracle.iam.OIMPostConfigManager> <BEA-000000> <Completed> 
<Oct 6, 2026 9:25:31,833 PM CST> <Info> <oracle.iam.OIMPostConfigManager> <BEA-000000> <Exiting executeAndRegisterPostStartTask() method of OIMConfigManager class> 
<Oct 6, 2026 9:25:31,833 PM CST> <Info> <oracle.iam.OIMPostConfigManager> <BEA-000000> <Entering executeAndRegisterPostStartTask() method of OIMConfigManager class. With TaskName:SEED_PURGE_PROVISIONING_STATUS_ACCOUNTS_JOB> 
<Oct 6, 2026 9:25:31,833 PM CST> <Info> <oracle.iam.OIMPostConfigManager> <BEA-000000> <Executing task:SEED_PURGE_PROVISIONING_STATUS_ACCOUNTS_JOB> 
<Oct 6, 2026 9:25:31,834 PM CST> <Info> <oracle.iam.OIMPostConfigManager> <BEA-000000> < task state:COMPLETE> 
<Oct 6, 2026 9:25:31,835 PM CST> <Info> <oracle.iam.OIMPostConfigManager> <BEA-000000> <Already Completed> 
<Oct 6, 2026 9:25:31,835 PM CST> <Info> <oracle.iam.OIMPostConfigManager> <BEA-000000> <Completed> 
<Oct 6, 2026 9:25:31,835 PM CST> <Info> <oracle.iam.OIMPostConfigManager> <BEA-000000> <Exiting executeAndRegisterPostStartTask() method of OIMConfigManager class> 
<Oct 6, 2026 9:25:31,835 PM CST> <Info> <oracle.iam.OIMPostConfigManager> <BEA-000000> <Entering executeAndRegisterPostStartTask() method of OIMConfigManager class. With TaskName:UPDATEFORMUPGRADETASK> 
<Oct 6, 2026 9:25:31,836 PM CST> <Info> <oracle.iam.OIMPostConfigManager> <BEA-000000> <Executing task:UPDATEFORMUPGRADETASK> 
<Oct 6, 2026 9:25:31,837 PM CST> <Info> <oracle.iam.OIMPostConfigManager> <BEA-000000> < task state:COMPLETE> 
<Oct 6, 2026 9:25:31,883 PM CST> <Info> <oracle.iam.OIMPostConfigManager> <BEA-000000> <Already Completed> 
<Oct 6, 2026 9:25:31,885 PM CST> <Info> <oracle.iam.OIMPostConfigManager> <BEA-000000> <Completed> 
<Oct 6, 2026 9:25:31,886 PM CST> <Info> <oracle.iam.OIMPostConfigManager> <BEA-000000> <Exiting executeAndRegisterPostStartTask() method of OIMConfigManager class> 
<Oct 6, 2026 9:25:31,886 PM CST> <Info> <oracle.iam.OIMPostConfigManager> <BEA-000000> <Entering executeAndRegisterPostStartTask() method of OIMConfigManager class. With TaskName:ADD_SQL_MEMBERSHIP_RULE_FIELD_FOR_ROLE> 
<Oct 6, 2026 9:25:31,886 PM CST> <Info> <oracle.iam.OIMPostConfigManager> <BEA-000000> <Executing task:ADD_SQL_MEMBERSHIP_RULE_FIELD_FOR_ROLE> 
<Oct 6, 2026 9:25:31,887 PM CST> <Info> <oracle.iam.OIMPostConfigManager> <BEA-000000> < task state:COMPLETE> 
<Oct 6, 2026 9:25:31,888 PM CST> <Info> <oracle.iam.OIMPostConfigManager> <BEA-000000> <Already Completed> 
<Oct 6, 2026 9:25:31,888 PM CST> <Info> <oracle.iam.OIMPostConfigManager> <BEA-000000> <Completed> 
<Oct 6, 2026 9:25:31,888 PM CST> <Info> <oracle.iam.OIMPostConfigManager> <BEA-000000> <Exiting executeAndRegisterPostStartTask() method of OIMConfigManager class> 
<Oct 6, 2026 9:25:31,889 PM CST> <Info> <oracle.iam.OIMPostConfigManager> <BEA-000000> <Entering executeAndRegisterPostStartTask() method of OIMConfigManager class. With TaskName:ADD_ROLE_THRESHOLD_FIELD_FOR_ROLE> 
<Oct 6, 2026 9:25:31,889 PM CST> <Info> <oracle.iam.OIMPostConfigManager> <BEA-000000> <Executing task:ADD_ROLE_THRESHOLD_FIELD_FOR_ROLE> 
<Oct 6, 2026 9:25:31,890 PM CST> <Info> <oracle.iam.OIMPostConfigManager> <BEA-000000> < task state:COMPLETE> 
<Oct 6, 2026 9:25:31,891 PM CST> <Info> <oracle.iam.OIMPostConfigManager> <BEA-000000> <Already Completed> 
<Oct 6, 2026 9:25:31,892 PM CST> <Info> <oracle.iam.OIMPostConfigManager> <BEA-000000> <Completed> 
<Oct 6, 2026 9:25:31,893 PM CST> <Info> <oracle.iam.OIMPostConfigManager> <BEA-000000> <Exiting executeAndRegisterPostStartTask() method of OIMConfigManager class> 
<Oct 6, 2026 9:25:31,894 PM CST> <Info> <oracle.iam.OIMPostConfigManager> <BEA-000000> <Inside checkFakeUserCred1> 
<Oct 6, 2026 9:25:31,894 PM CST> <Info> <oracle.iam.OIMPostConfigManager> <BEA-000000> <Inside createTrustedUserCredentials========#####======> 
<Oct 6, 2026 9:25:31,897 PM CST> <Info> <oracle.iam.OIMPostConfigManager> <BEA-000000> <Key description............null> 
<Oct 6, 2026 9:25:31,902 PM CST> <Info> <oracle.iam.OIMPostConfigManager> <BEA-000000> <Key description............null> 
<Oct 6, 2026 9:25:32,278 PM CST> <Info> <oracle.iam.OIMPostConfigManager> <BEA-000000> <inside usermanager created> 
<Oct 6, 2026 9:25:32,489 PM CST> <Info> <oracle.iam.OIMPostConfigManager> <BEA-000000> <got uzr ID> 
<Oct 6, 2026 9:25:32,490 PM CST> <Info> <oracle.iam.OIMPostConfigManager> <BEA-000000> <oracle.iam.OIMPostConfigManager.config.OIMConfigManagerPreprocessing looks fine, setting oim ear ready state to TRUE> 
<Oct 6, 2026 9:25:32,491 PM CST> <Info> <oracle.iam.OIMPostConfigManager> <BEA-000000> <Exiting checkFakeUserCred1> 
<Oct 6, 2026 9:25:32,491 PM CST> <Info> <oracle.iam.OIMPostConfigManager> <BEA-000000> <
[OIM_CONFIG******] JAVA_HOME : /oracle/java8> 
<Oct 6, 2026 9:25:32,491 PM CST> <Info> <oracle.iam.OIMPostConfigManager> <BEA-000000> <findJVMVendorIBM:jdk_home:/oracle/java8> 
<Oct 6, 2026 9:25:32,648 PM CST> <Info> <oracle.iam.OIMPostConfigManager> <BEA-000000> <findJVMVendorIBM:VENDOR details :java version "1.8.0_481"
Java(TM) SE Runtime Environment (build 1.8.0_481-b25)
Java HotSpot(TM) 64-Bit Server VM (build 25.481-b25, mixed mode)
> 
<Oct 6, 2026 9:25:32,649 PM CST> <Info> <oracle.iam.OIMPostConfigManager> <BEA-000000> <findJVMVendorIBM:VENDOR: IS NOT IBM> 
<Oct 6, 2026 9:25:32,650 PM CST> <Info> <oracle.iam.OIMPostConfigManager> <BEA-000000> <
[OIM_CONFIG] isIBMJava:false> 
<Oct 6, 2026 9:25:32,651 PM CST> <Error> <oracle.iam.OIMPostConfigManager> <BEA-000000> <Classloader:/oracle/domains/oim_domain> 
<Oct 6, 2026 9:25:32,651 PM CST> <Error> <oracle.iam.OIMPostConfigManager> <BEA-000000> <Classloader:/oracle/domains/oim_domain> 
<Oct 6, 2026 9:25:32,651 PM CST> <Info> <oracle.iam.OIMPostConfigManager> <BEA-000000> < Domain Home : /oracle/domains/oim_domain> 
<Oct 6, 2026 9:25:32,654 PM CST> <Info> <oracle.iam.OIMPostConfigManager> <BEA-000000> <Domain Type: Admin> 
<Oct 6, 2026 9:25:32,670 PM CST> <Info> <oracle.iam.OIMPostConfigManager> <BEA-000000> <Password description............Updated for OIM> 
<Oct 6, 2026 9:25:32,673 PM CST> <Info> <oracle.iam.OIMPostConfigManager> <BEA-000000> <OIM is already configured > 
<Oct 6, 2026 9:25:32,675 PM CST> <Info> <oracle.iam.OIMPostConfigManager> <BEA-000000> <oracle.iam.OIMPostConfigManager.appListener.BootStrapListenerinside close db connection() method> 
<Oct 6, 2026 9:25:32,676 PM CST> <Info> <oracle.iam.OIMPostConfigManager> <BEA-000000> <Entering getConnection() method to get OIM DB connection.> 
<Oct 6, 2026 9:25:32,677 PM CST> <Info> <oracle.iam.OIMPostConfigManager> <BEA-000000> <oracle.iam.OIMPostConfigManager.appListener.BootStrapListenerclosed db connection() > 
<Oct 6, 2026 9:25:33,487 PM CST> <Notice> <Log Management> <BEA-170035> <LogMonitoring Service counted 375 log messages in the last 30 seconds which is below the threshold value of 1,500. Log messages are not being throttled.> 
<Oct 6, 2026 9:25:41,271 PM CST> <Warning> <oracle.mds> <BEA-000000> <MDS-11033: Duplicate mappings between namespace "/oracle/adf/share/prefs" and metadata store "mdsRepos" are found in the persistence configuration.> 
<Oct 6, 2026 9:25:41,288 PM CST> <Warning> <oracle.mds> <BEA-000000> <MDS-01393: Multiple audit events named "ApplicationAddDataControlReference" are defined for component "ADF".> 
<Oct 6, 2026 9:25:41,288 PM CST> <Warning> <oracle.mds> <BEA-000000> <MDS-01393: Multiple audit events named "ApplicationAddPageDefinitionUsage" are defined for component "ADF".> 
<Oct 6, 2026 9:25:41,289 PM CST> <Warning> <oracle.mds> <BEA-000000> <MDS-01393: Multiple audit events named "ApplicationAddPageMapEntry" are defined for component "ADF".> 
<Oct 6, 2026 9:25:41,289 PM CST> <Warning> <oracle.mds> <BEA-000000> <MDS-01393: Multiple audit events named "ApplicationRemoveDataControl" are defined for component "ADF".> 
<Oct 6, 2026 9:25:41,289 PM CST> <Warning> <oracle.mds> <BEA-000000> <MDS-01393: Multiple audit events named "ApplicationRemovePageDefinitionUsage" are defined for component "ADF".> 
<Oct 6, 2026 9:25:41,289 PM CST> <Warning> <oracle.mds> <BEA-000000> <MDS-01393: Multiple audit events named "ApplicationRemovePageMapEntry" are defined for component "ADF".> 
<Oct 6, 2026 9:25:41,289 PM CST> <Warning> <oracle.mds> <BEA-000000> <MDS-01393: Multiple audit events named "ConfigurationAddDataControlDefinition" are defined for component "ADF".> 
<Oct 6, 2026 9:25:41,289 PM CST> <Warning> <oracle.mds> <BEA-000000> <MDS-01393: Multiple audit events named "ConfigurationnRemoveDataControlDefinition" are defined for component "ADF".> 
<Oct 6, 2026 9:25:41,289 PM CST> <Warning> <oracle.mds> <BEA-000000> <MDS-01393: Multiple audit events named "PageDefinitionAddControBinding" are defined for component "ADF".> 
<Oct 6, 2026 9:25:41,289 PM CST> <Warning> <oracle.mds> <BEA-000000> <MDS-01393: Multiple audit events named "PageDefinitionAddExecutable" are defined for component "ADF".> 
<Oct 6, 2026 9:25:41,289 PM CST> <Warning> <oracle.mds> <BEA-000000> <MDS-01393: Multiple audit events named "PageDefinitionAddIterator" are defined for component "ADF".> 
<Oct 6, 2026 9:25:41,289 PM CST> <Warning> <oracle.mds> <BEA-000000> <MDS-01393: Multiple audit events named "PageDefinitionAddParameter" are defined for component "ADF".> 
<Oct 6, 2026 9:25:41,289 PM CST> <Warning> <oracle.mds> <BEA-000000> <MDS-01393: Multiple audit events named "PageDefinitionAddVariable" are defined for component "ADF".> 
<Oct 6, 2026 9:25:41,289 PM CST> <Warning> <oracle.mds> <BEA-000000> <MDS-01393: Multiple audit events named "PageDefinitionAddNestedContainer" are defined for component "ADF".> 
<Oct 6, 2026 9:25:41,291 PM CST> <Warning> <oracle.mds> <BEA-000000> <MDS-01393: Multiple audit events named "PageDefinitionRemoveExecutable" are defined for component "ADF".> 
<Oct 6, 2026 9:25:41,292 PM CST> <Warning> <oracle.mds> <BEA-000000> <MDS-01393: Multiple audit events named "PageDefinitionRemoveIterator" are defined for component "ADF".> 
<Oct 6, 2026 9:25:41,292 PM CST> <Warning> <oracle.mds> <BEA-000000> <MDS-01393: Multiple audit events named "PageDefinitionRemoveParameter" are defined for component "ADF".> 
<Oct 6, 2026 9:25:41,292 PM CST> <Warning> <oracle.mds> <BEA-000000> <MDS-01393: Multiple audit events named "CreatePageDefinition" are defined for component "ADF".> 
<Oct 6, 2026 9:25:41,292 PM CST> <Warning> <oracle.mds> <BEA-000000> <MDS-01393: Multiple audit events named "CreateConfiguration" are defined for component "ADF".> 
<Oct 6, 2026 9:25:41,292 PM CST> <Warning> <oracle.mds> <BEA-000000> <MDS-01393: Multiple audit events named "CreateApplication" are defined for component "ADF".> 
<Oct 6, 2026 9:25:41,293 PM CST> <Warning> <oracle.mds> <BEA-000000> <MDS-01393: Multiple audit events named "ApplicationAddDataControlReference" are defined for component "ADF".> 
<Oct 6, 2026 9:25:41,294 PM CST> <Warning> <oracle.mds> <BEA-000000> <MDS-01393: Multiple audit events named "ApplicationAddPageDefinitionUsage" are defined for component "ADF".> 
<Oct 6, 2026 9:25:41,295 PM CST> <Warning> <oracle.mds> <BEA-000000> <MDS-01393: Multiple audit events named "ApplicationAddPageMapEntry" are defined for component "ADF".> 
<Oct 6, 2026 9:25:41,295 PM CST> <Warning> <oracle.mds> <BEA-000000> <MDS-01393: Multiple audit events named "ApplicationRemoveDataControl" are defined for component "ADF".> 
<Oct 6, 2026 9:25:41,295 PM CST> <Warning> <oracle.mds> <BEA-000000> <MDS-01393: Multiple audit events named "ApplicationRemovePageDefinitionUsage" are defined for component "ADF".> 
<Oct 6, 2026 9:25:41,295 PM CST> <Warning> <oracle.mds> <BEA-000000> <MDS-01393: Multiple audit events named "ApplicationRemovePageMapEntry" are defined for component "ADF".> 
<Oct 6, 2026 9:25:41,296 PM CST> <Warning> <oracle.mds> <BEA-000000> <MDS-01393: Multiple audit events named "ConfigurationAddDataControlDefinition" are defined for component "ADF".> 
<Oct 6, 2026 9:25:41,296 PM CST> <Warning> <oracle.mds> <BEA-000000> <MDS-01393: Multiple audit events named "ConfigurationnRemoveDataControlDefinition" are defined for component "ADF".> 
<Oct 6, 2026 9:25:41,296 PM CST> <Warning> <oracle.mds> <BEA-000000> <MDS-01393: Multiple audit events named "PageDefinitionAddControBinding" are defined for component "ADF".> 
<Oct 6, 2026 9:25:41,296 PM CST> <Warning> <oracle.mds> <BEA-000000> <MDS-01393: Multiple audit events named "PageDefinitionAddExecutable" are defined for component "ADF".> 
<Oct 6, 2026 9:25:41,296 PM CST> <Warning> <oracle.mds> <BEA-000000> <MDS-01393: Multiple audit events named "PageDefinitionAddIterator" are defined for component "ADF".> 
<Oct 6, 2026 9:25:41,296 PM CST> <Warning> <oracle.mds> <BEA-000000> <MDS-01393: Multiple audit events named "PageDefinitionAddParameter" are defined for component "ADF".> 
<Oct 6, 2026 9:25:41,296 PM CST> <Warning> <oracle.mds> <BEA-000000> <MDS-01393: Multiple audit events named "PageDefinitionAddVariable" are defined for component "ADF".> 
<Oct 6, 2026 9:25:41,297 PM CST> <Warning> <oracle.mds> <BEA-000000> <MDS-01393: Multiple audit events named "PageDefinitionAddNestedContainer" are defined for component "ADF".> 
<Oct 6, 2026 9:25:41,297 PM CST> <Warning> <oracle.mds> <BEA-000000> <MDS-01393: Multiple audit events named "PageDefinitionRemoveExecutable" are defined for component "ADF".> 
<Oct 6, 2026 9:25:41,297 PM CST> <Warning> <oracle.mds> <BEA-000000> <MDS-01393: Multiple audit events named "PageDefinitionRemoveIterator" are defined for component "ADF".> 
<Oct 6, 2026 9:25:41,297 PM CST> <Warning> <oracle.mds> <BEA-000000> <MDS-01393: Multiple audit events named "PageDefinitionRemoveParameter" are defined for component "ADF".> 
<Oct 6, 2026 9:25:41,297 PM CST> <Warning> <oracle.mds> <BEA-000000> <MDS-01393: Multiple audit events named "CreatePageDefinition" are defined for component "ADF".> 
<Oct 6, 2026 9:25:41,297 PM CST> <Warning> <oracle.mds> <BEA-000000> <MDS-01393: Multiple audit events named "CreateConfiguration" are defined for component "ADF".> 
<Oct 6, 2026 9:25:41,297 PM CST> <Warning> <oracle.mds> <BEA-000000> <MDS-01393: Multiple audit events named "CreateApplication" are defined for component "ADF".> 
<Oct 6, 2026 9:25:41,712 PM CST> <Warning> <oracle.mds> <BEA-000000> <MDS-11033: Duplicate mappings between namespace "/oracle/adf/share/prefs" and metadata store "mdsRepos" are found in the persistence configuration.> 
<Oct 6, 2026 9:25:41,737 PM CST> <Warning> <oracle.mds> <BEA-000000> <MDS-01393: Multiple audit events named "ApplicationAddDataControlReference" are defined for component "ADF".> 
<Oct 6, 2026 9:25:41,741 PM CST> <Warning> <oracle.mds> <BEA-000000> <MDS-01393: Multiple audit events named "ApplicationAddPageDefinitionUsage" are defined for component "ADF".> 
<Oct 6, 2026 9:25:41,743 PM CST> <Warning> <oracle.mds> <BEA-000000> <MDS-01393: Multiple audit events named "ApplicationAddPageMapEntry" are defined for component "ADF".> 
<Oct 6, 2026 9:25:41,745 PM CST> <Warning> <oracle.mds> <BEA-000000> <MDS-01393: Multiple audit events named "ApplicationRemoveDataControl" are defined for component "ADF".> 
<Oct 6, 2026 9:25:41,746 PM CST> <Warning> <oracle.mds> <BEA-000000> <MDS-01393: Multiple audit events named "ApplicationRemovePageDefinitionUsage" are defined for component "ADF".> 
<Oct 6, 2026 9:25:41,747 PM CST> <Warning> <oracle.mds> <BEA-000000> <MDS-01393: Multiple audit events named "ApplicationRemovePageMapEntry" are defined for component "ADF".> 
<Oct 6, 2026 9:25:41,747 PM CST> <Warning> <oracle.mds> <BEA-000000> <MDS-01393: Multiple audit events named "ConfigurationAddDataControlDefinition" are defined for component "ADF".> 
<Oct 6, 2026 9:25:41,748 PM CST> <Warning> <oracle.mds> <BEA-000000> <MDS-01393: Multiple audit events named "ConfigurationnRemoveDataControlDefinition" are defined for component "ADF".> 
<Oct 6, 2026 9:25:41,748 PM CST> <Warning> <oracle.mds> <BEA-000000> <MDS-01393: Multiple audit events named "PageDefinitionAddControBinding" are defined for component "ADF".> 
<Oct 6, 2026 9:25:41,750 PM CST> <Warning> <oracle.mds> <BEA-000000> <MDS-01393: Multiple audit events named "PageDefinitionAddExecutable" are defined for component "ADF".> 
<Oct 6, 2026 9:25:41,752 PM CST> <Warning> <oracle.mds> <BEA-000000> <MDS-01393: Multiple audit events named "PageDefinitionAddIterator" are defined for component "ADF".> 
<Oct 6, 2026 9:25:41,752 PM CST> <Warning> <oracle.mds> <BEA-000000> <MDS-01393: Multiple audit events named "PageDefinitionAddParameter" are defined for component "ADF".> 
<Oct 6, 2026 9:25:41,754 PM CST> <Warning> <oracle.mds> <BEA-000000> <MDS-01393: Multiple audit events named "PageDefinitionAddVariable" are defined for component "ADF".> 
<Oct 6, 2026 9:25:41,754 PM CST> <Warning> <oracle.mds> <BEA-000000> <MDS-01393: Multiple audit events named "PageDefinitionAddNestedContainer" are defined for component "ADF".> 
<Oct 6, 2026 9:25:41,754 PM CST> <Warning> <oracle.mds> <BEA-000000> <MDS-01393: Multiple audit events named "PageDefinitionRemoveExecutable" are defined for component "ADF".> 
<Oct 6, 2026 9:25:41,755 PM CST> <Warning> <oracle.mds> <BEA-000000> <MDS-01393: Multiple audit events named "PageDefinitionRemoveIterator" are defined for component "ADF".> 
<Oct 6, 2026 9:25:41,755 PM CST> <Warning> <oracle.mds> <BEA-000000> <MDS-01393: Multiple audit events named "PageDefinitionRemoveParameter" are defined for component "ADF".> 
<Oct 6, 2026 9:25:41,757 PM CST> <Warning> <oracle.mds> <BEA-000000> <MDS-01393: Multiple audit events named "CreatePageDefinition" are defined for component "ADF".> 
<Oct 6, 2026 9:25:41,757 PM CST> <Warning> <oracle.mds> <BEA-000000> <MDS-01393: Multiple audit events named "CreateConfiguration" are defined for component "ADF".> 
<Oct 6, 2026 9:25:41,758 PM CST> <Warning> <oracle.mds> <BEA-000000> <MDS-01393: Multiple audit events named "CreateApplication" are defined for component "ADF".> 
<Oct 6, 2026 9:25:41,760 PM CST> <Warning> <oracle.mds> <BEA-000000> <MDS-01393: Multiple audit events named "ApplicationAddDataControlReference" are defined for component "ADF".> 
<Oct 6, 2026 9:25:41,760 PM CST> <Warning> <oracle.mds> <BEA-000000> <MDS-01393: Multiple audit events named "ApplicationAddPageDefinitionUsage" are defined for component "ADF".> 
<Oct 6, 2026 9:25:41,760 PM CST> <Warning> <oracle.mds> <BEA-000000> <MDS-01393: Multiple audit events named "ApplicationAddPageMapEntry" are defined for component "ADF".> 
<Oct 6, 2026 9:25:41,760 PM CST> <Warning> <oracle.mds> <BEA-000000> <MDS-01393: Multiple audit events named "ApplicationRemoveDataControl" are defined for component "ADF".> 
<Oct 6, 2026 9:25:41,760 PM CST> <Warning> <oracle.mds> <BEA-000000> <MDS-01393: Multiple audit events named "ApplicationRemovePageDefinitionUsage" are defined for component "ADF".> 
<Oct 6, 2026 9:25:41,761 PM CST> <Warning> <oracle.mds> <BEA-000000> <MDS-01393: Multiple audit events named "ApplicationRemovePageMapEntry" are defined for component "ADF".> 
<Oct 6, 2026 9:25:41,761 PM CST> <Warning> <oracle.mds> <BEA-000000> <MDS-01393: Multiple audit events named "ConfigurationAddDataControlDefinition" are defined for component "ADF".> 
<Oct 6, 2026 9:25:41,761 PM CST> <Warning> <oracle.mds> <BEA-000000> <MDS-01393: Multiple audit events named "ConfigurationnRemoveDataControlDefinition" are defined for component "ADF".> 
<Oct 6, 2026 9:25:41,761 PM CST> <Warning> <oracle.mds> <BEA-000000> <MDS-01393: Multiple audit events named "PageDefinitionAddControBinding" are defined for component "ADF".> 
<Oct 6, 2026 9:25:41,761 PM CST> <Warning> <oracle.mds> <BEA-000000> <MDS-01393: Multiple audit events named "PageDefinitionAddExecutable" are defined for component "ADF".> 
<Oct 6, 2026 9:25:41,761 PM CST> <Warning> <oracle.mds> <BEA-000000> <MDS-01393: Multiple audit events named "PageDefinitionAddIterator" are defined for component "ADF".> 
<Oct 6, 2026 9:25:41,761 PM CST> <Warning> <oracle.mds> <BEA-000000> <MDS-01393: Multiple audit events named "PageDefinitionAddParameter" are defined for component "ADF".> 
<Oct 6, 2026 9:25:41,762 PM CST> <Warning> <oracle.mds> <BEA-000000> <MDS-01393: Multiple audit events named "PageDefinitionAddVariable" are defined for component "ADF".> 
<Oct 6, 2026 9:25:41,762 PM CST> <Warning> <oracle.mds> <BEA-000000> <MDS-01393: Multiple audit events named "PageDefinitionAddNestedContainer" are defined for component "ADF".> 
<Oct 6, 2026 9:25:41,762 PM CST> <Warning> <oracle.mds> <BEA-000000> <MDS-01393: Multiple audit events named "PageDefinitionRemoveExecutable" are defined for component "ADF".> 
<Oct 6, 2026 9:25:41,762 PM CST> <Warning> <oracle.mds> <BEA-000000> <MDS-01393: Multiple audit events named "PageDefinitionRemoveIterator" are defined for component "ADF".> 
<Oct 6, 2026 9:25:41,762 PM CST> <Warning> <oracle.mds> <BEA-000000> <MDS-01393: Multiple audit events named "PageDefinitionRemoveParameter" are defined for component "ADF".> 
<Oct 6, 2026 9:25:41,763 PM CST> <Warning> <oracle.mds> <BEA-000000> <MDS-01393: Multiple audit events named "CreatePageDefinition" are defined for component "ADF".> 
<Oct 6, 2026 9:25:41,763 PM CST> <Warning> <oracle.mds> <BEA-000000> <MDS-01393: Multiple audit events named "CreateConfiguration" are defined for component "ADF".> 
<Oct 6, 2026 9:25:41,763 PM CST> <Warning> <oracle.mds> <BEA-000000> <MDS-01393: Multiple audit events named "CreateApplication" are defined for component "ADF".> 
<Oct 6, 2026 9:25:42,106 PM CST> <Warning> <oracle.mds> <BEA-000000> <MDS-11033: Duplicate mappings between namespace "/oracle/adf/share/prefs" and metadata store "mdsRepos" are found in the persistence configuration.> 
<Oct 6, 2026 9:25:42,110 PM CST> <Warning> <oracle.mds> <BEA-000000> <MDS-01393: Multiple audit events named "ApplicationAddDataControlReference" are defined for component "ADF".> 
<Oct 6, 2026 9:25:42,110 PM CST> <Warning> <oracle.mds> <BEA-000000> <MDS-01393: Multiple audit events named "ApplicationAddPageDefinitionUsage" are defined for component "ADF".> 
<Oct 6, 2026 9:25:42,110 PM CST> <Warning> <oracle.mds> <BEA-000000> <MDS-01393: Multiple audit events named "ApplicationAddPageMapEntry" are defined for component "ADF".> 
<Oct 6, 2026 9:25:42,110 PM CST> <Warning> <oracle.mds> <BEA-000000> <MDS-01393: Multiple audit events named "ApplicationRemoveDataControl" are defined for component "ADF".> 
<Oct 6, 2026 9:25:42,110 PM CST> <Warning> <oracle.mds> <BEA-000000> <MDS-01393: Multiple audit events named "ApplicationRemovePageDefinitionUsage" are defined for component "ADF".> 
<Oct 6, 2026 9:25:42,111 PM CST> <Warning> <oracle.mds> <BEA-000000> <MDS-01393: Multiple audit events named "ApplicationRemovePageMapEntry" are defined for component "ADF".> 
<Oct 6, 2026 9:25:42,111 PM CST> <Warning> <oracle.mds> <BEA-000000> <MDS-01393: Multiple audit events named "ConfigurationAddDataControlDefinition" are defined for component "ADF".> 
<Oct 6, 2026 9:25:42,111 PM CST> <Warning> <oracle.mds> <BEA-000000> <MDS-01393: Multiple audit events named "ConfigurationnRemoveDataControlDefinition" are defined for component "ADF".> 
<Oct 6, 2026 9:25:42,111 PM CST> <Warning> <oracle.mds> <BEA-000000> <MDS-01393: Multiple audit events named "PageDefinitionAddControBinding" are defined for component "ADF".> 
<Oct 6, 2026 9:25:42,111 PM CST> <Warning> <oracle.mds> <BEA-000000> <MDS-01393: Multiple audit events named "PageDefinitionAddExecutable" are defined for component "ADF".> 
<Oct 6, 2026 9:25:42,111 PM CST> <Warning> <oracle.mds> <BEA-000000> <MDS-01393: Multiple audit events named "PageDefinitionAddIterator" are defined for component "ADF".> 
<Oct 6, 2026 9:25:42,111 PM CST> <Warning> <oracle.mds> <BEA-000000> <MDS-01393: Multiple audit events named "PageDefinitionAddParameter" are defined for component "ADF".> 
<Oct 6, 2026 9:25:42,111 PM CST> <Warning> <oracle.mds> <BEA-000000> <MDS-01393: Multiple audit events named "PageDefinitionAddVariable" are defined for component "ADF".> 
<Oct 6, 2026 9:25:42,112 PM CST> <Warning> <oracle.mds> <BEA-000000> <MDS-01393: Multiple audit events named "PageDefinitionAddNestedContainer" are defined for component "ADF".> 
<Oct 6, 2026 9:25:42,112 PM CST> <Warning> <oracle.mds> <BEA-000000> <MDS-01393: Multiple audit events named "PageDefinitionRemoveExecutable" are defined for component "ADF".> 
<Oct 6, 2026 9:25:42,112 PM CST> <Warning> <oracle.mds> <BEA-000000> <MDS-01393: Multiple audit events named "PageDefinitionRemoveIterator" are defined for component "ADF".> 
<Oct 6, 2026 9:25:42,112 PM CST> <Warning> <oracle.mds> <BEA-000000> <MDS-01393: Multiple audit events named "PageDefinitionRemoveParameter" are defined for component "ADF".> 
<Oct 6, 2026 9:25:42,112 PM CST> <Warning> <oracle.mds> <BEA-000000> <MDS-01393: Multiple audit events named "CreatePageDefinition" are defined for component "ADF".> 
<Oct 6, 2026 9:25:42,112 PM CST> <Warning> <oracle.mds> <BEA-000000> <MDS-01393: Multiple audit events named "CreateConfiguration" are defined for component "ADF".> 
<Oct 6, 2026 9:25:42,112 PM CST> <Warning> <oracle.mds> <BEA-000000> <MDS-01393: Multiple audit events named "CreateApplication" are defined for component "ADF".> 
<Oct 6, 2026 9:25:42,112 PM CST> <Warning> <oracle.mds> <BEA-000000> <MDS-01393: Multiple audit events named "ApplicationAddDataControlReference" are defined for component "ADF".> 
<Oct 6, 2026 9:25:42,112 PM CST> <Warning> <oracle.mds> <BEA-000000> <MDS-01393: Multiple audit events named "ApplicationAddPageDefinitionUsage" are defined for component "ADF".> 
<Oct 6, 2026 9:25:42,112 PM CST> <Warning> <oracle.mds> <BEA-000000> <MDS-01393: Multiple audit events named "ApplicationAddPageMapEntry" are defined for component "ADF".> 
<Oct 6, 2026 9:25:42,113 PM CST> <Warning> <oracle.mds> <BEA-000000> <MDS-01393: Multiple audit events named "ApplicationRemoveDataControl" are defined for component "ADF".> 
<Oct 6, 2026 9:25:42,113 PM CST> <Warning> <oracle.mds> <BEA-000000> <MDS-01393: Multiple audit events named "ApplicationRemovePageDefinitionUsage" are defined for component "ADF".> 
<Oct 6, 2026 9:25:42,113 PM CST> <Warning> <oracle.mds> <BEA-000000> <MDS-01393: Multiple audit events named "ApplicationRemovePageMapEntry" are defined for component "ADF".> 
<Oct 6, 2026 9:25:42,113 PM CST> <Warning> <oracle.mds> <BEA-000000> <MDS-01393: Multiple audit events named "ConfigurationAddDataControlDefinition" are defined for component "ADF".> 
<Oct 6, 2026 9:25:42,113 PM CST> <Warning> <oracle.mds> <BEA-000000> <MDS-01393: Multiple audit events named "ConfigurationnRemoveDataControlDefinition" are defined for component "ADF".> 
<Oct 6, 2026 9:25:42,113 PM CST> <Warning> <oracle.mds> <BEA-000000> <MDS-01393: Multiple audit events named "PageDefinitionAddControBinding" are defined for component "ADF".> 
<Oct 6, 2026 9:25:42,113 PM CST> <Warning> <oracle.mds> <BEA-000000> <MDS-01393: Multiple audit events named "PageDefinitionAddExecutable" are defined for component "ADF".> 
<Oct 6, 2026 9:25:42,113 PM CST> <Warning> <oracle.mds> <BEA-000000> <MDS-01393: Multiple audit events named "PageDefinitionAddIterator" are defined for component "ADF".> 
<Oct 6, 2026 9:25:42,113 PM CST> <Warning> <oracle.mds> <BEA-000000> <MDS-01393: Multiple audit events named "PageDefinitionAddParameter" are defined for component "ADF".> 
<Oct 6, 2026 9:25:42,113 PM CST> <Warning> <oracle.mds> <BEA-000000> <MDS-01393: Multiple audit events named "PageDefinitionAddVariable" are defined for component "ADF".> 
<Oct 6, 2026 9:25:42,113 PM CST> <Warning> <oracle.mds> <BEA-000000> <MDS-01393: Multiple audit events named "PageDefinitionAddNestedContainer" are defined for component "ADF".> 
<Oct 6, 2026 9:25:42,114 PM CST> <Warning> <oracle.mds> <BEA-000000> <MDS-01393: Multiple audit events named "PageDefinitionRemoveExecutable" are defined for component "ADF".> 
<Oct 6, 2026 9:25:42,114 PM CST> <Warning> <oracle.mds> <BEA-000000> <MDS-01393: Multiple audit events named "PageDefinitionRemoveIterator" are defined for component "ADF".> 
<Oct 6, 2026 9:25:42,114 PM CST> <Warning> <oracle.mds> <BEA-000000> <MDS-01393: Multiple audit events named "PageDefinitionRemoveParameter" are defined for component "ADF".> 
<Oct 6, 2026 9:25:42,114 PM CST> <Warning> <oracle.mds> <BEA-000000> <MDS-01393: Multiple audit events named "CreatePageDefinition" are defined for component "ADF".> 
<Oct 6, 2026 9:25:42,114 PM CST> <Warning> <oracle.mds> <BEA-000000> <MDS-01393: Multiple audit events named "CreateConfiguration" are defined for component "ADF".> 
<Oct 6, 2026 9:25:42,114 PM CST> <Warning> <oracle.mds> <BEA-000000> <MDS-01393: Multiple audit events named "CreateApplication" are defined for component "ADF".> 
<Oct 6, 2026 9:25:42,319 PM CST> <Warning> <oracle.mds> <BEA-000000> <MDS-11033: Duplicate mappings between namespace "/oracle/adf/share/prefs" and metadata store "mdsRepos" are found in the persistence configuration.> 
<Oct 6, 2026 9:25:42,322 PM CST> <Warning> <oracle.mds> <BEA-000000> <MDS-01393: Multiple audit events named "ApplicationAddDataControlReference" are defined for component "ADF".> 
<Oct 6, 2026 9:25:42,322 PM CST> <Warning> <oracle.mds> <BEA-000000> <MDS-01393: Multiple audit events named "ApplicationAddPageDefinitionUsage" are defined for component "ADF".> 
<Oct 6, 2026 9:25:42,322 PM CST> <Warning> <oracle.mds> <BEA-000000> <MDS-01393: Multiple audit events named "ApplicationAddPageMapEntry" are defined for component "ADF".> 
<Oct 6, 2026 9:25:42,322 PM CST> <Warning> <oracle.mds> <BEA-000000> <MDS-01393: Multiple audit events named "ApplicationRemoveDataControl" are defined for component "ADF".> 
<Oct 6, 2026 9:25:42,322 PM CST> <Warning> <oracle.mds> <BEA-000000> <MDS-01393: Multiple audit events named "ApplicationRemovePageDefinitionUsage" are defined for component "ADF".> 
<Oct 6, 2026 9:25:42,322 PM CST> <Warning> <oracle.mds> <BEA-000000> <MDS-01393: Multiple audit events named "ApplicationRemovePageMapEntry" are defined for component "ADF".> 
<Oct 6, 2026 9:25:42,323 PM CST> <Warning> <oracle.mds> <BEA-000000> <MDS-01393: Multiple audit events named "ConfigurationAddDataControlDefinition" are defined for component "ADF".> 
<Oct 6, 2026 9:25:42,323 PM CST> <Warning> <oracle.mds> <BEA-000000> <MDS-01393: Multiple audit events named "ConfigurationnRemoveDataControlDefinition" are defined for component "ADF".> 
<Oct 6, 2026 9:25:42,323 PM CST> <Warning> <oracle.mds> <BEA-000000> <MDS-01393: Multiple audit events named "PageDefinitionAddControBinding" are defined for component "ADF".> 
<Oct 6, 2026 9:25:42,323 PM CST> <Warning> <oracle.mds> <BEA-000000> <MDS-01393: Multiple audit events named "PageDefinitionAddExecutable" are defined for component "ADF".> 
<Oct 6, 2026 9:25:42,323 PM CST> <Warning> <oracle.mds> <BEA-000000> <MDS-01393: Multiple audit events named "PageDefinitionAddIterator" are defined for component "ADF".> 
<Oct 6, 2026 9:25:42,323 PM CST> <Warning> <oracle.mds> <BEA-000000> <MDS-01393: Multiple audit events named "PageDefinitionAddParameter" are defined for component "ADF".> 
<Oct 6, 2026 9:25:42,323 PM CST> <Warning> <oracle.mds> <BEA-000000> <MDS-01393: Multiple audit events named "PageDefinitionAddVariable" are defined for component "ADF".> 
<Oct 6, 2026 9:25:42,323 PM CST> <Warning> <oracle.mds> <BEA-000000> <MDS-01393: Multiple audit events named "PageDefinitionAddNestedContainer" are defined for component "ADF".> 
<Oct 6, 2026 9:25:42,323 PM CST> <Warning> <oracle.mds> <BEA-000000> <MDS-01393: Multiple audit events named "PageDefinitionRemoveExecutable" are defined for component "ADF".> 
<Oct 6, 2026 9:25:42,323 PM CST> <Warning> <oracle.mds> <BEA-000000> <MDS-01393: Multiple audit events named "PageDefinitionRemoveIterator" are defined for component "ADF".> 
<Oct 6, 2026 9:25:42,323 PM CST> <Warning> <oracle.mds> <BEA-000000> <MDS-01393: Multiple audit events named "PageDefinitionRemoveParameter" are defined for component "ADF".> 
<Oct 6, 2026 9:25:42,323 PM CST> <Warning> <oracle.mds> <BEA-000000> <MDS-01393: Multiple audit events named "CreatePageDefinition" are defined for component "ADF".> 
<Oct 6, 2026 9:25:42,323 PM CST> <Warning> <oracle.mds> <BEA-000000> <MDS-01393: Multiple audit events named "CreateConfiguration" are defined for component "ADF".> 
<Oct 6, 2026 9:25:42,323 PM CST> <Warning> <oracle.mds> <BEA-000000> <MDS-01393: Multiple audit events named "CreateApplication" are defined for component "ADF".> 
<Oct 6, 2026 9:25:42,324 PM CST> <Warning> <oracle.mds> <BEA-000000> <MDS-01393: Multiple audit events named "ApplicationAddDataControlReference" are defined for component "ADF".> 
<Oct 6, 2026 9:25:42,324 PM CST> <Warning> <oracle.mds> <BEA-000000> <MDS-01393: Multiple audit events named "ApplicationAddPageDefinitionUsage" are defined for component "ADF".> 
<Oct 6, 2026 9:25:42,324 PM CST> <Warning> <oracle.mds> <BEA-000000> <MDS-01393: Multiple audit events named "ApplicationAddPageMapEntry" are defined for component "ADF".> 
<Oct 6, 2026 9:25:42,324 PM CST> <Warning> <oracle.mds> <BEA-000000> <MDS-01393: Multiple audit events named "ApplicationRemoveDataControl" are defined for component "ADF".> 
<Oct 6, 2026 9:25:42,324 PM CST> <Warning> <oracle.mds> <BEA-000000> <MDS-01393: Multiple audit events named "ApplicationRemovePageDefinitionUsage" are defined for component "ADF".> 
<Oct 6, 2026 9:25:42,324 PM CST> <Warning> <oracle.mds> <BEA-000000> <MDS-01393: Multiple audit events named "ApplicationRemovePageMapEntry" are defined for component "ADF".> 
<Oct 6, 2026 9:25:42,324 PM CST> <Warning> <oracle.mds> <BEA-000000> <MDS-01393: Multiple audit events named "ConfigurationAddDataControlDefinition" are defined for component "ADF".> 
<Oct 6, 2026 9:25:42,324 PM CST> <Warning> <oracle.mds> <BEA-000000> <MDS-01393: Multiple audit events named "ConfigurationnRemoveDataControlDefinition" are defined for component "ADF".> 
<Oct 6, 2026 9:25:42,324 PM CST> <Warning> <oracle.mds> <BEA-000000> <MDS-01393: Multiple audit events named "PageDefinitionAddControBinding" are defined for component "ADF".> 
<Oct 6, 2026 9:25:42,324 PM CST> <Warning> <oracle.mds> <BEA-000000> <MDS-01393: Multiple audit events named "PageDefinitionAddExecutable" are defined for component "ADF".> 
<Oct 6, 2026 9:25:42,324 PM CST> <Warning> <oracle.mds> <BEA-000000> <MDS-01393: Multiple audit events named "PageDefinitionAddIterator" are defined for component "ADF".> 
<Oct 6, 2026 9:25:42,324 PM CST> <Warning> <oracle.mds> <BEA-000000> <MDS-01393: Multiple audit events named "PageDefinitionAddParameter" are defined for component "ADF".> 
<Oct 6, 2026 9:25:42,324 PM CST> <Warning> <oracle.mds> <BEA-000000> <MDS-01393: Multiple audit events named "PageDefinitionAddVariable" are defined for component "ADF".> 
<Oct 6, 2026 9:25:42,324 PM CST> <Warning> <oracle.mds> <BEA-000000> <MDS-01393: Multiple audit events named "PageDefinitionAddNestedContainer" are defined for component "ADF".> 
<Oct 6, 2026 9:25:42,324 PM CST> <Warning> <oracle.mds> <BEA-000000> <MDS-01393: Multiple audit events named "PageDefinitionRemoveExecutable" are defined for component "ADF".> 
<Oct 6, 2026 9:25:42,325 PM CST> <Warning> <oracle.mds> <BEA-000000> <MDS-01393: Multiple audit events named "PageDefinitionRemoveIterator" are defined for component "ADF".> 
<Oct 6, 2026 9:25:42,325 PM CST> <Warning> <oracle.mds> <BEA-000000> <MDS-01393: Multiple audit events named "PageDefinitionRemoveParameter" are defined for component "ADF".> 
<Oct 6, 2026 9:25:42,325 PM CST> <Warning> <oracle.mds> <BEA-000000> <MDS-01393: Multiple audit events named "CreatePageDefinition" are defined for component "ADF".> 
<Oct 6, 2026 9:25:42,325 PM CST> <Warning> <oracle.mds> <BEA-000000> <MDS-01393: Multiple audit events named "CreateConfiguration" are defined for component "ADF".> 
<Oct 6, 2026 9:25:42,325 PM CST> <Warning> <oracle.mds> <BEA-000000> <MDS-01393: Multiple audit events named "CreateApplication" are defined for component "ADF".> 
<Oct 6, 2026 9:25:44,665 PM CST> <Warning> <oracle.as.jmx.framework.standardmbeans.spi.OracleStandardEmitterMBean> <J2EE JMX-46238> <Cannot map nonserializable type "interface oracle.adf.mbean.share.config.runtime.resourcebundle.BundleListType" to Open MBean Type for mbean interface oracle.adf.mbean.share.config.runtime.resourcebundle.AdfResourceBundleConfigMXBean, attribute BundleList.> 
<Oct 6, 2026 9:25:50,209 PM CST> <Warning> <oracle.adfinternal.view.faces.partition.FeatureUtils> <ADF_FACES-30130> <Ignoring feature-dependency on feature "AdfUIChoose". No such feature exists.> 
TaskFlow Registration: IntegratwTaskFlowWithTask.registerTaskFlowWithTask - beginTaskFlow Registration: IntegratwTaskFlowWithTask.registerTaskFlowWithTask - hwtaskflow.xml         url is: zip:/oracle/domains/oim_domain/servers/oim_server1/tmp/_WL_user/oracle.iam.console.identity.self-service.ear_V2.0/vpoa1/war/WEB-INF/lib/_wl_cls_gen.jar!/hwtaskflow.xmlTaskFlow Registration: IntegratwTaskFlowWithTask.registerTaskFlowWithTask - Reading hwtaskflow.xmlTaskFlow Registration: IntegratwTaskFlowWithTask.registerTaskFlowWithTask - applicationName is worklistTaskFlow Registration: IntegratwTaskFlowWithTask.registerTaskFlowWithTask - deployed attribute value is falseTaskFlow Registration: IntegratwTaskFlowWithTask.registerTaskFlowWithTask - http info is fmw.oracle.com, 14000, 0, TaskFlow Registration: IntegratwTaskFlowWithTask.registerTaskFlowWithTask - end
<Oct 6, 2026 9:25:55,380 PM CST> <Warning> <oracle.adf.share.ADFContext> <BEA-000000> <Automatically initializing a DefaultContext for getCurrent. Caller should ensure that a DefaultContext is proper for this use. Memory leaks and/or unexpected behaviour may occur if the automatic initialization is performed improperly. This message may be avoided by performing initADFContext before using getCurrent().> 
<Oct 6, 2026 9:26:01,711 PM CST> <Warning> <oracle.adf.share.http.ServletADFContext> <BEA-000000> <Found oracle.adf.share.DefaultContext sticking to oldContext, while the current application is oracle.iam.console.identity.sysadmin.ear#V2.0> 
<Oct 6, 2026 9:26:01,934 PM CST> <Warning> <oracle.mds> <BEA-000000> <MDS-11033: Duplicate mappings between namespace "/oracle/adf/share/prefs" and metadata store "mdsRepos" are found in the persistence configuration.> 
<Oct 6, 2026 9:26:01,938 PM CST> <Warning> <oracle.mds> <BEA-000000> <MDS-01393: Multiple audit events named "ApplicationAddDataControlReference" are defined for component "ADF".> 
<Oct 6, 2026 9:26:01,938 PM CST> <Warning> <oracle.mds> <BEA-000000> <MDS-01393: Multiple audit events named "ApplicationAddPageDefinitionUsage" are defined for component "ADF".> 
<Oct 6, 2026 9:26:01,938 PM CST> <Warning> <oracle.mds> <BEA-000000> <MDS-01393: Multiple audit events named "ApplicationAddPageMapEntry" are defined for component "ADF".> 
<Oct 6, 2026 9:26:01,939 PM CST> <Warning> <oracle.mds> <BEA-000000> <MDS-01393: Multiple audit events named "ApplicationRemoveDataControl" are defined for component "ADF".> 
<Oct 6, 2026 9:26:01,939 PM CST> <Warning> <oracle.mds> <BEA-000000> <MDS-01393: Multiple audit events named "ApplicationRemovePageDefinitionUsage" are defined for component "ADF".> 
<Oct 6, 2026 9:26:01,939 PM CST> <Warning> <oracle.mds> <BEA-000000> <MDS-01393: Multiple audit events named "ApplicationRemovePageMapEntry" are defined for component "ADF".> 
<Oct 6, 2026 9:26:01,939 PM CST> <Warning> <oracle.mds> <BEA-000000> <MDS-01393: Multiple audit events named "ConfigurationAddDataControlDefinition" are defined for component "ADF".> 
<Oct 6, 2026 9:26:01,939 PM CST> <Warning> <oracle.mds> <BEA-000000> <MDS-01393: Multiple audit events named "ConfigurationnRemoveDataControlDefinition" are defined for component "ADF".> 
<Oct 6, 2026 9:26:01,939 PM CST> <Warning> <oracle.mds> <BEA-000000> <MDS-01393: Multiple audit events named "PageDefinitionAddControBinding" are defined for component "ADF".> 
<Oct 6, 2026 9:26:01,939 PM CST> <Warning> <oracle.mds> <BEA-000000> <MDS-01393: Multiple audit events named "PageDefinitionAddExecutable" are defined for component "ADF".> 
<Oct 6, 2026 9:26:01,939 PM CST> <Warning> <oracle.mds> <BEA-000000> <MDS-01393: Multiple audit events named "PageDefinitionAddIterator" are defined for component "ADF".> 
<Oct 6, 2026 9:26:01,939 PM CST> <Warning> <oracle.mds> <BEA-000000> <MDS-01393: Multiple audit events named "PageDefinitionAddParameter" are defined for component "ADF".> 
<Oct 6, 2026 9:26:01,939 PM CST> <Warning> <oracle.mds> <BEA-000000> <MDS-01393: Multiple audit events named "PageDefinitionAddVariable" are defined for component "ADF".> 
<Oct 6, 2026 9:26:01,939 PM CST> <Warning> <oracle.mds> <BEA-000000> <MDS-01393: Multiple audit events named "PageDefinitionAddNestedContainer" are defined for component "ADF".> 
<Oct 6, 2026 9:26:01,939 PM CST> <Warning> <oracle.mds> <BEA-000000> <MDS-01393: Multiple audit events named "PageDefinitionRemoveExecutable" are defined for component "ADF".> 
<Oct 6, 2026 9:26:01,939 PM CST> <Warning> <oracle.mds> <BEA-000000> <MDS-01393: Multiple audit events named "PageDefinitionRemoveIterator" are defined for component "ADF".> 
<Oct 6, 2026 9:26:01,939 PM CST> <Warning> <oracle.mds> <BEA-000000> <MDS-01393: Multiple audit events named "PageDefinitionRemoveParameter" are defined for component "ADF".> 
<Oct 6, 2026 9:26:01,939 PM CST> <Warning> <oracle.mds> <BEA-000000> <MDS-01393: Multiple audit events named "CreatePageDefinition" are defined for component "ADF".> 
<Oct 6, 2026 9:26:01,939 PM CST> <Warning> <oracle.mds> <BEA-000000> <MDS-01393: Multiple audit events named "CreateConfiguration" are defined for component "ADF".> 
<Oct 6, 2026 9:26:01,939 PM CST> <Warning> <oracle.mds> <BEA-000000> <MDS-01393: Multiple audit events named "CreateApplication" are defined for component "ADF".> 
<Oct 6, 2026 9:26:01,939 PM CST> <Warning> <oracle.mds> <BEA-000000> <MDS-01393: Multiple audit events named "ApplicationAddDataControlReference" are defined for component "ADF".> 
<Oct 6, 2026 9:26:01,939 PM CST> <Warning> <oracle.mds> <BEA-000000> <MDS-01393: Multiple audit events named "ApplicationAddPageDefinitionUsage" are defined for component "ADF".> 
<Oct 6, 2026 9:26:01,939 PM CST> <Warning> <oracle.mds> <BEA-000000> <MDS-01393: Multiple audit events named "ApplicationAddPageMapEntry" are defined for component "ADF".> 
<Oct 6, 2026 9:26:01,939 PM CST> <Warning> <oracle.mds> <BEA-000000> <MDS-01393: Multiple audit events named "ApplicationRemoveDataControl" are defined for component "ADF".> 
<Oct 6, 2026 9:26:01,940 PM CST> <Warning> <oracle.mds> <BEA-000000> <MDS-01393: Multiple audit events named "ApplicationRemovePageDefinitionUsage" are defined for component "ADF".> 
<Oct 6, 2026 9:26:01,940 PM CST> <Warning> <oracle.mds> <BEA-000000> <MDS-01393: Multiple audit events named "ApplicationRemovePageMapEntry" are defined for component "ADF".> 
<Oct 6, 2026 9:26:01,940 PM CST> <Warning> <oracle.mds> <BEA-000000> <MDS-01393: Multiple audit events named "ConfigurationAddDataControlDefinition" are defined for component "ADF".> 
<Oct 6, 2026 9:26:01,940 PM CST> <Warning> <oracle.mds> <BEA-000000> <MDS-01393: Multiple audit events named "ConfigurationnRemoveDataControlDefinition" are defined for component "ADF".> 
<Oct 6, 2026 9:26:01,940 PM CST> <Warning> <oracle.mds> <BEA-000000> <MDS-01393: Multiple audit events named "PageDefinitionAddControBinding" are defined for component "ADF".> 
<Oct 6, 2026 9:26:01,940 PM CST> <Warning> <oracle.mds> <BEA-000000> <MDS-01393: Multiple audit events named "PageDefinitionAddExecutable" are defined for component "ADF".> 
<Oct 6, 2026 9:26:01,940 PM CST> <Warning> <oracle.mds> <BEA-000000> <MDS-01393: Multiple audit events named "PageDefinitionAddIterator" are defined for component "ADF".> 
<Oct 6, 2026 9:26:01,940 PM CST> <Warning> <oracle.mds> <BEA-000000> <MDS-01393: Multiple audit events named "PageDefinitionAddParameter" are defined for component "ADF".> 
<Oct 6, 2026 9:26:01,940 PM CST> <Warning> <oracle.mds> <BEA-000000> <MDS-01393: Multiple audit events named "PageDefinitionAddVariable" are defined for component "ADF".> 
<Oct 6, 2026 9:26:01,940 PM CST> <Warning> <oracle.mds> <BEA-000000> <MDS-01393: Multiple audit events named "PageDefinitionAddNestedContainer" are defined for component "ADF".> 
<Oct 6, 2026 9:26:01,940 PM CST> <Warning> <oracle.mds> <BEA-000000> <MDS-01393: Multiple audit events named "PageDefinitionRemoveExecutable" are defined for component "ADF".> 
<Oct 6, 2026 9:26:01,940 PM CST> <Warning> <oracle.mds> <BEA-000000> <MDS-01393: Multiple audit events named "PageDefinitionRemoveIterator" are defined for component "ADF".> 
<Oct 6, 2026 9:26:01,940 PM CST> <Warning> <oracle.mds> <BEA-000000> <MDS-01393: Multiple audit events named "PageDefinitionRemoveParameter" are defined for component "ADF".> 
<Oct 6, 2026 9:26:01,940 PM CST> <Warning> <oracle.mds> <BEA-000000> <MDS-01393: Multiple audit events named "CreatePageDefinition" are defined for component "ADF".> 
<Oct 6, 2026 9:26:01,940 PM CST> <Warning> <oracle.mds> <BEA-000000> <MDS-01393: Multiple audit events named "CreateConfiguration" are defined for component "ADF".> 
<Oct 6, 2026 9:26:01,940 PM CST> <Warning> <oracle.mds> <BEA-000000> <MDS-01393: Multiple audit events named "CreateApplication" are defined for component "ADF".> 
<Oct 6, 2026 9:26:02,119 PM CST> <Warning> <oracle.mds> <BEA-000000> <MDS-11033: Duplicate mappings between namespace "/oracle/adf/share/prefs" and metadata store "mdsRepos" are found in the persistence configuration.> 
<Oct 6, 2026 9:26:02,122 PM CST> <Warning> <oracle.mds> <BEA-000000> <MDS-01393: Multiple audit events named "ApplicationAddDataControlReference" are defined for component "ADF".> 
<Oct 6, 2026 9:26:02,165 PM CST> <Warning> <oracle.mds> <BEA-000000> <MDS-01393: Multiple audit events named "ApplicationAddPageDefinitionUsage" are defined for component "ADF".> 
<Oct 6, 2026 9:26:02,166 PM CST> <Warning> <oracle.mds> <BEA-000000> <MDS-01393: Multiple audit events named "ApplicationAddPageMapEntry" are defined for component "ADF".> 
<Oct 6, 2026 9:26:02,166 PM CST> <Warning> <oracle.mds> <BEA-000000> <MDS-01393: Multiple audit events named "ApplicationRemoveDataControl" are defined for component "ADF".> 
<Oct 6, 2026 9:26:02,167 PM CST> <Warning> <oracle.mds> <BEA-000000> <MDS-01393: Multiple audit events named "ApplicationRemovePageDefinitionUsage" are defined for component "ADF".> 
<Oct 6, 2026 9:26:02,167 PM CST> <Warning> <oracle.mds> <BEA-000000> <MDS-01393: Multiple audit events named "ApplicationRemovePageMapEntry" are defined for component "ADF".> 
<Oct 6, 2026 9:26:02,167 PM CST> <Warning> <oracle.mds> <BEA-000000> <MDS-01393: Multiple audit events named "ConfigurationAddDataControlDefinition" are defined for component "ADF".> 
<Oct 6, 2026 9:26:02,167 PM CST> <Warning> <oracle.mds> <BEA-000000> <MDS-01393: Multiple audit events named "ConfigurationnRemoveDataControlDefinition" are defined for component "ADF".> 
<Oct 6, 2026 9:26:02,167 PM CST> <Warning> <oracle.mds> <BEA-000000> <MDS-01393: Multiple audit events named "PageDefinitionAddControBinding" are defined for component "ADF".> 
<Oct 6, 2026 9:26:02,167 PM CST> <Warning> <oracle.mds> <BEA-000000> <MDS-01393: Multiple audit events named "PageDefinitionAddExecutable" are defined for component "ADF".> 
<Oct 6, 2026 9:26:02,167 PM CST> <Warning> <oracle.mds> <BEA-000000> <MDS-01393: Multiple audit events named "PageDefinitionAddIterator" are defined for component "ADF".> 
<Oct 6, 2026 9:26:02,167 PM CST> <Warning> <oracle.mds> <BEA-000000> <MDS-01393: Multiple audit events named "PageDefinitionAddParameter" are defined for component "ADF".> 
<Oct 6, 2026 9:26:02,167 PM CST> <Warning> <oracle.mds> <BEA-000000> <MDS-01393: Multiple audit events named "PageDefinitionAddVariable" are defined for component "ADF".> 
<Oct 6, 2026 9:26:02,167 PM CST> <Warning> <oracle.mds> <BEA-000000> <MDS-01393: Multiple audit events named "PageDefinitionAddNestedContainer" are defined for component "ADF".> 
<Oct 6, 2026 9:26:02,167 PM CST> <Warning> <oracle.mds> <BEA-000000> <MDS-01393: Multiple audit events named "PageDefinitionRemoveExecutable" are defined for component "ADF".> 
<Oct 6, 2026 9:26:02,167 PM CST> <Warning> <oracle.mds> <BEA-000000> <MDS-01393: Multiple audit events named "PageDefinitionRemoveIterator" are defined for component "ADF".> 
<Oct 6, 2026 9:26:02,168 PM CST> <Warning> <oracle.mds> <BEA-000000> <MDS-01393: Multiple audit events named "PageDefinitionRemoveParameter" are defined for component "ADF".> 
<Oct 6, 2026 9:26:02,168 PM CST> <Warning> <oracle.mds> <BEA-000000> <MDS-01393: Multiple audit events named "CreatePageDefinition" are defined for component "ADF".> 
<Oct 6, 2026 9:26:02,168 PM CST> <Warning> <oracle.mds> <BEA-000000> <MDS-01393: Multiple audit events named "CreateConfiguration" are defined for component "ADF".> 
<Oct 6, 2026 9:26:02,168 PM CST> <Warning> <oracle.mds> <BEA-000000> <MDS-01393: Multiple audit events named "CreateApplication" are defined for component "ADF".> 
<Oct 6, 2026 9:26:02,168 PM CST> <Warning> <oracle.mds> <BEA-000000> <MDS-01393: Multiple audit events named "ApplicationAddDataControlReference" are defined for component "ADF".> 
<Oct 6, 2026 9:26:02,168 PM CST> <Warning> <oracle.mds> <BEA-000000> <MDS-01393: Multiple audit events named "ApplicationAddPageDefinitionUsage" are defined for component "ADF".> 
<Oct 6, 2026 9:26:02,168 PM CST> <Warning> <oracle.mds> <BEA-000000> <MDS-01393: Multiple audit events named "ApplicationAddPageMapEntry" are defined for component "ADF".> 
<Oct 6, 2026 9:26:02,168 PM CST> <Warning> <oracle.mds> <BEA-000000> <MDS-01393: Multiple audit events named "ApplicationRemoveDataControl" are defined for component "ADF".> 
<Oct 6, 2026 9:26:02,168 PM CST> <Warning> <oracle.mds> <BEA-000000> <MDS-01393: Multiple audit events named "ApplicationRemovePageDefinitionUsage" are defined for component "ADF".> 
<Oct 6, 2026 9:26:02,168 PM CST> <Warning> <oracle.mds> <BEA-000000> <MDS-01393: Multiple audit events named "ApplicationRemovePageMapEntry" are defined for component "ADF".> 
<Oct 6, 2026 9:26:02,169 PM CST> <Warning> <oracle.mds> <BEA-000000> <MDS-01393: Multiple audit events named "ConfigurationAddDataControlDefinition" are defined for component "ADF".> 
<Oct 6, 2026 9:26:02,169 PM CST> <Warning> <oracle.mds> <BEA-000000> <MDS-01393: Multiple audit events named "ConfigurationnRemoveDataControlDefinition" are defined for component "ADF".> 
<Oct 6, 2026 9:26:02,169 PM CST> <Warning> <oracle.mds> <BEA-000000> <MDS-01393: Multiple audit events named "PageDefinitionAddControBinding" are defined for component "ADF".> 
<Oct 6, 2026 9:26:02,169 PM CST> <Warning> <oracle.mds> <BEA-000000> <MDS-01393: Multiple audit events named "PageDefinitionAddExecutable" are defined for component "ADF".> 
<Oct 6, 2026 9:26:02,169 PM CST> <Warning> <oracle.mds> <BEA-000000> <MDS-01393: Multiple audit events named "PageDefinitionAddIterator" are defined for component "ADF".> 
<Oct 6, 2026 9:26:02,169 PM CST> <Warning> <oracle.mds> <BEA-000000> <MDS-01393: Multiple audit events named "PageDefinitionAddParameter" are defined for component "ADF".> 
<Oct 6, 2026 9:26:02,169 PM CST> <Warning> <oracle.mds> <BEA-000000> <MDS-01393: Multiple audit events named "PageDefinitionAddVariable" are defined for component "ADF".> 
<Oct 6, 2026 9:26:02,169 PM CST> <Warning> <oracle.mds> <BEA-000000> <MDS-01393: Multiple audit events named "PageDefinitionAddNestedContainer" are defined for component "ADF".> 
<Oct 6, 2026 9:26:02,169 PM CST> <Warning> <oracle.mds> <BEA-000000> <MDS-01393: Multiple audit events named "PageDefinitionRemoveExecutable" are defined for component "ADF".> 
<Oct 6, 2026 9:26:02,169 PM CST> <Warning> <oracle.mds> <BEA-000000> <MDS-01393: Multiple audit events named "PageDefinitionRemoveIterator" are defined for component "ADF".> 
<Oct 6, 2026 9:26:02,169 PM CST> <Warning> <oracle.mds> <BEA-000000> <MDS-01393: Multiple audit events named "PageDefinitionRemoveParameter" are defined for component "ADF".> 
<Oct 6, 2026 9:26:02,169 PM CST> <Warning> <oracle.mds> <BEA-000000> <MDS-01393: Multiple audit events named "CreatePageDefinition" are defined for component "ADF".> 
<Oct 6, 2026 9:26:02,169 PM CST> <Warning> <oracle.mds> <BEA-000000> <MDS-01393: Multiple audit events named "CreateConfiguration" are defined for component "ADF".> 
<Oct 6, 2026 9:26:02,169 PM CST> <Warning> <oracle.mds> <BEA-000000> <MDS-01393: Multiple audit events named "CreateApplication" are defined for component "ADF".> 
<Oct 6, 2026 9:26:02,756 PM CST> <Warning> <oracle.adfinternal.model.logging.contextual.ContextualLoggingManager> <BEA-000000> <Could not find scope requestScope defined for log domain ADFm Business Editor> 
<Oct 6, 2026 9:26:03,783 PM CST> <Warning> <oracle.mds> <BEA-000000> <MDS-11033: Duplicate mappings between namespace "/oracle/adf/share/prefs" and metadata store "mdsRepos" are found in the persistence configuration.> 
<Oct 6, 2026 9:26:03,788 PM CST> <Warning> <oracle.mds> <BEA-000000> <MDS-01393: Multiple audit events named "ApplicationAddDataControlReference" are defined for component "ADF".> 
<Oct 6, 2026 9:26:03,788 PM CST> <Warning> <oracle.mds> <BEA-000000> <MDS-01393: Multiple audit events named "ApplicationAddPageDefinitionUsage" are defined for component "ADF".> 
<Oct 6, 2026 9:26:03,789 PM CST> <Warning> <oracle.mds> <BEA-000000> <MDS-01393: Multiple audit events named "ApplicationAddPageMapEntry" are defined for component "ADF".> 
<Oct 6, 2026 9:26:03,789 PM CST> <Warning> <oracle.mds> <BEA-000000> <MDS-01393: Multiple audit events named "ApplicationRemoveDataControl" are defined for component "ADF".> 
<Oct 6, 2026 9:26:03,789 PM CST> <Warning> <oracle.mds> <BEA-000000> <MDS-01393: Multiple audit events named "ApplicationRemovePageDefinitionUsage" are defined for component "ADF".> 
<Oct 6, 2026 9:26:03,789 PM CST> <Warning> <oracle.mds> <BEA-000000> <MDS-01393: Multiple audit events named "ApplicationRemovePageMapEntry" are defined for component "ADF".> 
<Oct 6, 2026 9:26:03,789 PM CST> <Warning> <oracle.mds> <BEA-000000> <MDS-01393: Multiple audit events named "ConfigurationAddDataControlDefinition" are defined for component "ADF".> 
<Oct 6, 2026 9:26:03,789 PM CST> <Warning> <oracle.mds> <BEA-000000> <MDS-01393: Multiple audit events named "ConfigurationnRemoveDataControlDefinition" are defined for component "ADF".> 
<Oct 6, 2026 9:26:03,789 PM CST> <Warning> <oracle.mds> <BEA-000000> <MDS-01393: Multiple audit events named "PageDefinitionAddControBinding" are defined for component "ADF".> 
<Oct 6, 2026 9:26:03,789 PM CST> <Warning> <oracle.mds> <BEA-000000> <MDS-01393: Multiple audit events named "PageDefinitionAddExecutable" are defined for component "ADF".> 
<Oct 6, 2026 9:26:03,789 PM CST> <Warning> <oracle.mds> <BEA-000000> <MDS-01393: Multiple audit events named "PageDefinitionAddIterator" are defined for component "ADF".> 
<Oct 6, 2026 9:26:03,789 PM CST> <Warning> <oracle.mds> <BEA-000000> <MDS-01393: Multiple audit events named "PageDefinitionAddParameter" are defined for component "ADF".> 
<Oct 6, 2026 9:26:03,789 PM CST> <Warning> <oracle.mds> <BEA-000000> <MDS-01393: Multiple audit events named "PageDefinitionAddVariable" are defined for component "ADF".> 
<Oct 6, 2026 9:26:03,789 PM CST> <Warning> <oracle.mds> <BEA-000000> <MDS-01393: Multiple audit events named "PageDefinitionAddNestedContainer" are defined for component "ADF".> 
<Oct 6, 2026 9:26:03,789 PM CST> <Warning> <oracle.mds> <BEA-000000> <MDS-01393: Multiple audit events named "PageDefinitionRemoveExecutable" are defined for component "ADF".> 
<Oct 6, 2026 9:26:03,789 PM CST> <Warning> <oracle.mds> <BEA-000000> <MDS-01393: Multiple audit events named "PageDefinitionRemoveIterator" are defined for component "ADF".> 
<Oct 6, 2026 9:26:03,789 PM CST> <Warning> <oracle.mds> <BEA-000000> <MDS-01393: Multiple audit events named "PageDefinitionRemoveParameter" are defined for component "ADF".> 
<Oct 6, 2026 9:26:03,789 PM CST> <Warning> <oracle.mds> <BEA-000000> <MDS-01393: Multiple audit events named "CreatePageDefinition" are defined for component "ADF".> 
<Oct 6, 2026 9:26:03,789 PM CST> <Warning> <oracle.mds> <BEA-000000> <MDS-01393: Multiple audit events named "CreateConfiguration" are defined for component "ADF".> 
<Oct 6, 2026 9:26:03,790 PM CST> <Warning> <oracle.mds> <BEA-000000> <MDS-01393: Multiple audit events named "CreateApplication" are defined for component "ADF".> 
<Oct 6, 2026 9:26:03,790 PM CST> <Warning> <oracle.mds> <BEA-000000> <MDS-01393: Multiple audit events named "ApplicationAddDataControlReference" are defined for component "ADF".> 
<Oct 6, 2026 9:26:03,790 PM CST> <Warning> <oracle.mds> <BEA-000000> <MDS-01393: Multiple audit events named "ApplicationAddPageDefinitionUsage" are defined for component "ADF".> 
<Oct 6, 2026 9:26:03,790 PM CST> <Warning> <oracle.mds> <BEA-000000> <MDS-01393: Multiple audit events named "ApplicationAddPageMapEntry" are defined for component "ADF".> 
<Oct 6, 2026 9:26:03,790 PM CST> <Warning> <oracle.mds> <BEA-000000> <MDS-01393: Multiple audit events named "ApplicationRemoveDataControl" are defined for component "ADF".> 
<Oct 6, 2026 9:26:03,790 PM CST> <Warning> <oracle.mds> <BEA-000000> <MDS-01393: Multiple audit events named "ApplicationRemovePageDefinitionUsage" are defined for component "ADF".> 
<Oct 6, 2026 9:26:03,790 PM CST> <Warning> <oracle.mds> <BEA-000000> <MDS-01393: Multiple audit events named "ApplicationRemovePageMapEntry" are defined for component "ADF".> 
<Oct 6, 2026 9:26:03,790 PM CST> <Warning> <oracle.mds> <BEA-000000> <MDS-01393: Multiple audit events named "ConfigurationAddDataControlDefinition" are defined for component "ADF".> 
<Oct 6, 2026 9:26:03,790 PM CST> <Warning> <oracle.mds> <BEA-000000> <MDS-01393: Multiple audit events named "ConfigurationnRemoveDataControlDefinition" are defined for component "ADF".> 
<Oct 6, 2026 9:26:03,790 PM CST> <Warning> <oracle.mds> <BEA-000000> <MDS-01393: Multiple audit events named "PageDefinitionAddControBinding" are defined for component "ADF".> 
<Oct 6, 2026 9:26:03,790 PM CST> <Warning> <oracle.mds> <BEA-000000> <MDS-01393: Multiple audit events named "PageDefinitionAddExecutable" are defined for component "ADF".> 
<Oct 6, 2026 9:26:03,790 PM CST> <Warning> <oracle.mds> <BEA-000000> <MDS-01393: Multiple audit events named "PageDefinitionAddIterator" are defined for component "ADF".> 
<Oct 6, 2026 9:26:03,790 PM CST> <Warning> <oracle.mds> <BEA-000000> <MDS-01393: Multiple audit events named "PageDefinitionAddParameter" are defined for component "ADF".> 
<Oct 6, 2026 9:26:03,790 PM CST> <Warning> <oracle.mds> <BEA-000000> <MDS-01393: Multiple audit events named "PageDefinitionAddVariable" are defined for component "ADF".> 
<Oct 6, 2026 9:26:03,790 PM CST> <Warning> <oracle.mds> <BEA-000000> <MDS-01393: Multiple audit events named "PageDefinitionAddNestedContainer" are defined for component "ADF".> 
<Oct 6, 2026 9:26:03,790 PM CST> <Warning> <oracle.mds> <BEA-000000> <MDS-01393: Multiple audit events named "PageDefinitionRemoveExecutable" are defined for component "ADF".> 
<Oct 6, 2026 9:26:03,791 PM CST> <Warning> <oracle.mds> <BEA-000000> <MDS-01393: Multiple audit events named "PageDefinitionRemoveIterator" are defined for component "ADF".> 
<Oct 6, 2026 9:26:03,791 PM CST> <Warning> <oracle.mds> <BEA-000000> <MDS-01393: Multiple audit events named "PageDefinitionRemoveParameter" are defined for component "ADF".> 
<Oct 6, 2026 9:26:03,791 PM CST> <Warning> <oracle.mds> <BEA-000000> <MDS-01393: Multiple audit events named "CreatePageDefinition" are defined for component "ADF".> 
<Oct 6, 2026 9:26:03,791 PM CST> <Warning> <oracle.mds> <BEA-000000> <MDS-01393: Multiple audit events named "CreateConfiguration" are defined for component "ADF".> 
<Oct 6, 2026 9:26:03,791 PM CST> <Warning> <oracle.mds> <BEA-000000> <MDS-01393: Multiple audit events named "CreateApplication" are defined for component "ADF".> 
<Oct 6, 2026 9:26:03,906 PM CST> <Warning> <oracle.mds> <BEA-000000> <MDS-11033: Duplicate mappings between namespace "/oracle/adf/share/prefs" and metadata store "mdsRepos" are found in the persistence configuration.> 
<Oct 6, 2026 9:26:03,907 PM CST> <Warning> <oracle.mds> <BEA-000000> <MDS-01393: Multiple audit events named "ApplicationAddDataControlReference" are defined for component "ADF".> 
<Oct 6, 2026 9:26:03,907 PM CST> <Warning> <oracle.mds> <BEA-000000> <MDS-01393: Multiple audit events named "ApplicationAddPageDefinitionUsage" are defined for component "ADF".> 
<Oct 6, 2026 9:26:03,907 PM CST> <Warning> <oracle.mds> <BEA-000000> <MDS-01393: Multiple audit events named "ApplicationAddPageMapEntry" are defined for component "ADF".> 
<Oct 6, 2026 9:26:03,907 PM CST> <Warning> <oracle.mds> <BEA-000000> <MDS-01393: Multiple audit events named "ApplicationRemoveDataControl" are defined for component "ADF".> 
<Oct 6, 2026 9:26:03,907 PM CST> <Warning> <oracle.mds> <BEA-000000> <MDS-01393: Multiple audit events named "ApplicationRemovePageDefinitionUsage" are defined for component "ADF".> 
<Oct 6, 2026 9:26:03,908 PM CST> <Warning> <oracle.mds> <BEA-000000> <MDS-01393: Multiple audit events named "ApplicationRemovePageMapEntry" are defined for component "ADF".> 
<Oct 6, 2026 9:26:03,908 PM CST> <Warning> <oracle.mds> <BEA-000000> <MDS-01393: Multiple audit events named "ConfigurationAddDataControlDefinition" are defined for component "ADF".> 
<Oct 6, 2026 9:26:03,908 PM CST> <Warning> <oracle.mds> <BEA-000000> <MDS-01393: Multiple audit events named "ConfigurationnRemoveDataControlDefinition" are defined for component "ADF".> 
<Oct 6, 2026 9:26:03,908 PM CST> <Warning> <oracle.mds> <BEA-000000> <MDS-01393: Multiple audit events named "PageDefinitionAddControBinding" are defined for component "ADF".> 
<Oct 6, 2026 9:26:03,908 PM CST> <Warning> <oracle.mds> <BEA-000000> <MDS-01393: Multiple audit events named "PageDefinitionAddExecutable" are defined for component "ADF".> 
<Oct 6, 2026 9:26:03,908 PM CST> <Warning> <oracle.mds> <BEA-000000> <MDS-01393: Multiple audit events named "PageDefinitionAddIterator" are defined for component "ADF".> 
<Oct 6, 2026 9:26:03,908 PM CST> <Warning> <oracle.mds> <BEA-000000> <MDS-01393: Multiple audit events named "PageDefinitionAddParameter" are defined for component "ADF".> 
<Oct 6, 2026 9:26:03,908 PM CST> <Warning> <oracle.mds> <BEA-000000> <MDS-01393: Multiple audit events named "PageDefinitionAddVariable" are defined for component "ADF".> 
<Oct 6, 2026 9:26:03,908 PM CST> <Warning> <oracle.mds> <BEA-000000> <MDS-01393: Multiple audit events named "PageDefinitionAddNestedContainer" are defined for component "ADF".> 
<Oct 6, 2026 9:26:03,908 PM CST> <Warning> <oracle.mds> <BEA-000000> <MDS-01393: Multiple audit events named "PageDefinitionRemoveExecutable" are defined for component "ADF".> 
<Oct 6, 2026 9:26:03,908 PM CST> <Warning> <oracle.mds> <BEA-000000> <MDS-01393: Multiple audit events named "PageDefinitionRemoveIterator" are defined for component "ADF".> 
<Oct 6, 2026 9:26:03,908 PM CST> <Warning> <oracle.mds> <BEA-000000> <MDS-01393: Multiple audit events named "PageDefinitionRemoveParameter" are defined for component "ADF".> 
<Oct 6, 2026 9:26:03,908 PM CST> <Warning> <oracle.mds> <BEA-000000> <MDS-01393: Multiple audit events named "CreatePageDefinition" are defined for component "ADF".> 
<Oct 6, 2026 9:26:03,908 PM CST> <Warning> <oracle.mds> <BEA-000000> <MDS-01393: Multiple audit events named "CreateConfiguration" are defined for component "ADF".> 
<Oct 6, 2026 9:26:03,908 PM CST> <Warning> <oracle.mds> <BEA-000000> <MDS-01393: Multiple audit events named "CreateApplication" are defined for component "ADF".> 
<Oct 6, 2026 9:26:03,908 PM CST> <Warning> <oracle.mds> <BEA-000000> <MDS-01393: Multiple audit events named "ApplicationAddDataControlReference" are defined for component "ADF".> 
<Oct 6, 2026 9:26:03,908 PM CST> <Warning> <oracle.mds> <BEA-000000> <MDS-01393: Multiple audit events named "ApplicationAddPageDefinitionUsage" are defined for component "ADF".> 
<Oct 6, 2026 9:26:03,908 PM CST> <Warning> <oracle.mds> <BEA-000000> <MDS-01393: Multiple audit events named "ApplicationAddPageMapEntry" are defined for component "ADF".> 
<Oct 6, 2026 9:26:03,908 PM CST> <Warning> <oracle.mds> <BEA-000000> <MDS-01393: Multiple audit events named "ApplicationRemoveDataControl" are defined for component "ADF".> 
<Oct 6, 2026 9:26:03,908 PM CST> <Warning> <oracle.mds> <BEA-000000> <MDS-01393: Multiple audit events named "ApplicationRemovePageDefinitionUsage" are defined for component "ADF".> 
<Oct 6, 2026 9:26:03,908 PM CST> <Warning> <oracle.mds> <BEA-000000> <MDS-01393: Multiple audit events named "ApplicationRemovePageMapEntry" are defined for component "ADF".> 
<Oct 6, 2026 9:26:03,908 PM CST> <Warning> <oracle.mds> <BEA-000000> <MDS-01393: Multiple audit events named "ConfigurationAddDataControlDefinition" are defined for component "ADF".> 
<Oct 6, 2026 9:26:03,908 PM CST> <Warning> <oracle.mds> <BEA-000000> <MDS-01393: Multiple audit events named "ConfigurationnRemoveDataControlDefinition" are defined for component "ADF".> 
<Oct 6, 2026 9:26:03,908 PM CST> <Warning> <oracle.mds> <BEA-000000> <MDS-01393: Multiple audit events named "PageDefinitionAddControBinding" are defined for component "ADF".> 
<Oct 6, 2026 9:26:03,908 PM CST> <Warning> <oracle.mds> <BEA-000000> <MDS-01393: Multiple audit events named "PageDefinitionAddExecutable" are defined for component "ADF".> 
<Oct 6, 2026 9:26:03,908 PM CST> <Warning> <oracle.mds> <BEA-000000> <MDS-01393: Multiple audit events named "PageDefinitionAddIterator" are defined for component "ADF".> 
<Oct 6, 2026 9:26:03,909 PM CST> <Warning> <oracle.mds> <BEA-000000> <MDS-01393: Multiple audit events named "PageDefinitionAddParameter" are defined for component "ADF".> 
<Oct 6, 2026 9:26:03,909 PM CST> <Warning> <oracle.mds> <BEA-000000> <MDS-01393: Multiple audit events named "PageDefinitionAddVariable" are defined for component "ADF".> 
<Oct 6, 2026 9:26:03,909 PM CST> <Warning> <oracle.mds> <BEA-000000> <MDS-01393: Multiple audit events named "PageDefinitionAddNestedContainer" are defined for component "ADF".> 
<Oct 6, 2026 9:26:03,909 PM CST> <Warning> <oracle.mds> <BEA-000000> <MDS-01393: Multiple audit events named "PageDefinitionRemoveExecutable" are defined for component "ADF".> 
<Oct 6, 2026 9:26:03,909 PM CST> <Warning> <oracle.mds> <BEA-000000> <MDS-01393: Multiple audit events named "PageDefinitionRemoveIterator" are defined for component "ADF".> 
<Oct 6, 2026 9:26:03,909 PM CST> <Warning> <oracle.mds> <BEA-000000> <MDS-01393: Multiple audit events named "PageDefinitionRemoveParameter" are defined for component "ADF".> 
<Oct 6, 2026 9:26:03,909 PM CST> <Warning> <oracle.mds> <BEA-000000> <MDS-01393: Multiple audit events named "CreatePageDefinition" are defined for component "ADF".> 
<Oct 6, 2026 9:26:03,909 PM CST> <Warning> <oracle.mds> <BEA-000000> <MDS-01393: Multiple audit events named "CreateConfiguration" are defined for component "ADF".> 
<Oct 6, 2026 9:26:03,909 PM CST> <Warning> <oracle.mds> <BEA-000000> <MDS-01393: Multiple audit events named "CreateApplication" are defined for component "ADF".> 
<Oct 6, 2026 9:26:22,369 PM CST> <Warning> <oracle.adf.share.http.ServletADFContext> <BEA-000000> <Found oracle.adf.share.DefaultContext sticking to oldContext, while the current application is oracle.iam.console.identity.sysadmin.ear#V2.0> 
<Oct 6, 2026 9:26:29,531 PM CST> <Warning> <oracle.adfinternal.view.faces.partition.FeatureUtils> <ADF_FACES-30130> <Ignoring feature-dependency on feature "AdfUIChoose". No such feature exists.> 
<Oct 6, 2026 9:26:31,874 PM CST> <Warning> <XELLERATE.SCHEDULER.TASK> <BEA-000000> <AccessPolicy: tcTskUsrEvaluatePolicies/init: maxWorkerCount: 5 batchSize: 500 maxExecutionTimeMins: null startTime: 1791343591874> 
<Oct 6, 2026 9:26:38,015 PM CST> <Notice> <Log Management> <BEA-170027> <The server has successfully established a connection with the Domain level Diagnostic Service.> 
<Oct 6, 2026 9:26:39,001 PM CST> <Notice> <WebLogicServer> <BEA-000365> <Server state changed to ADMIN.> 
<Oct 6, 2026 9:26:39,393 PM CST> <Notice> <WebLogicServer> <BEA-000365> <Server state changed to RESUMING.> 
<Oct 6, 2026 9:26:42,199 PM CST> <Notice> <Server> <BEA-002613> <Channel "Default" is now listening on 192.168.3.200:14000 for protocols iiop, t3, ldap, snmp, http.> 
<Oct 6, 2026 9:26:42,203 PM CST> <Notice> <Server> <BEA-002613> <Channel "Default" is now listening on 192.168.3.200:14000 for protocols iiop, t3, ldap, snmp, http.> 
<Oct 6, 2026 9:26:42,281 PM CST> <Notice> <WebLogicServer> <BEA-000332> <Started the WebLogic Server Managed Server "oim_server1" for domain "oim_domain" running in development mode.> 
<Oct 6, 2026 9:26:43,034 PM CST> <Notice> <WebLogicServer> <BEA-000360> <The server started in RUNNING mode.> 
<Oct 6, 2026 9:26:43,156 PM CST> <Notice> <WebLogicServer> <BEA-000365> <Server state changed to RUNNING.> 
<Oct 6, 2026 9:26:51,964 PM CST> <Warning> <oracle.adf.share.http.ServletADFContext> <BEA-000000> <Found oracle.adf.share.DefaultContext sticking to oldContext, while the current application is oracle.iam.console.identity.self-service.ear#V2.0> 
<Oct 6, 2026 9:26:54,286 PM CST> <Warning> <oracle.adf.share.http.ServletADFContext> <BEA-000000> <Found oracle.adf.share.DefaultContext sticking to oldContext, while the current application is oracle.iam.console.identity.self-service.ear#V2.0> 
<Oct 6, 2026 9:26:55,626 PM CST> <Warning> <oracle.adf.share.http.ServletADFContext> <BEA-000000> <Found oracle.adf.share.DefaultContext sticking to oldContext, while the current application is oracle.iam.console.identity.self-service.ear#V2.0> 
<Oct 6, 2026 9:26:57,708 PM CST> <Warning> <oracle.adfinternal.controller.metadata.MetadataServiceImpl> <ADFC-52012> <ADFc: 'TaskFlowId=<null>; DocumentName=/META-INF/adfc-config.xml; Location=zip:/oracle/domains/oim_domain/servers/oim_server1/tmp/_WL_user/adf.oracle.businesseditor/nijrti/WEB-INF/lib/adf-dynamic-taskflows.jar!/META-INF/adfc-config.xml': Duplicate managed bean definition for 'EL' detected. Also defined in 'TaskFlowId=<null>; DocumentName=/META-INF/adfc-config.xml; Location=zip:/oracle/domains/oim_domain/servers/oim_server1/tmp/_WL_user/adf.oracle.businesseditor/nijrti/WEB-INF/lib/adf-businesseditor.jar!/META-INF/adfc-config.xml'.> 
<Oct 6, 2026 9:26:57,736 PM CST> <Warning> <oracle.adfinternal.controller.metadata.MetadataServiceImpl> <ADFC-52012> <ADFc: 'TaskFlowId=<null>; DocumentName=/META-INF/adfc-config.xml; Location=zip:/oracle/domains/oim_domain/servers/oim_server1/tmp/_WL_user/adf.oracle.businesseditor/nijrti/WEB-INF/lib/adf-dynamic-taskflows.jar!/META-INF/adfc-config.xml': Duplicate managed bean definition for 'PageTokens' detected. Also defined in 'TaskFlowId=<null>; DocumentName=/META-INF/adfc-config.xml; Location=zip:/oracle/domains/oim_domain/servers/oim_server1/tmp/_WL_user/adf.oracle.businesseditor/nijrti/WEB-INF/lib/adf-businesseditor.jar!/META-INF/adfc-config.xml'.> 
<Oct 6, 2026 9:26:57,744 PM CST> <Warning> <oracle.adfinternal.controller.metadata.MetadataServiceImpl> <ADFC-52012> <ADFc: 'TaskFlowId=<null>; DocumentName=/META-INF/adfc-config.xml; Location=zip:/oracle/domains/oim_domain/servers/oim_server1/tmp/_WL_user/adf.oracle.businesseditor/nijrti/WEB-INF/lib/adf-dynamic-taskflows.jar!/META-INF/adfc-config.xml': Duplicate managed bean definition for 'Lookups' detected. Also defined in 'TaskFlowId=<null>; DocumentName=/META-INF/adfc-config.xml; Location=zip:/oracle/domains/oim_domain/servers/oim_server1/tmp/_WL_user/adf.oracle.businesseditor/nijrti/WEB-INF/lib/adf-businesseditor.jar!/META-INF/adfc-config.xml'.> 
<Oct 6, 2026 9:26:57,746 PM CST> <Warning> <oracle.adfinternal.controller.metadata.MetadataServiceImpl> <ADFC-52010> <ADFc: 'TaskFlowId=<null>; DocumentName=/META-INF/adfc-config.xml; Location=zip:/oracle/domains/oim_domain/servers/oim_server1/tmp/_WL_user/oracle.iam.ui.view/ycwdzs/WEB-INF/lib/adflibCertificationDetailsUI.jar!/META-INF/adfc-config.xml': Duplicate activity 'Empty1_jspx' detected. Also defined in 'TaskFlowId=<null>; DocumentName=/META-INF/adfc-config.xml; Location=zip:/oracle/domains/oim_domain/servers/oim_server1/tmp/_WL_user/oracle.iam.ui.view/ycwdzs/WEB-INF/lib/adflibProvTaskFormUI.jar!/META-INF/adfc-config.xml'.> 
<Oct 6, 2026 9:26:57,747 PM CST> <Warning> <oracle.adfinternal.controller.metadata.MetadataServiceImpl> <ADFC-52010> <ADFc: 'TaskFlowId=<null>; DocumentName=/META-INF/adfc-config.xml; Location=zip:/oracle/domains/oim_domain/servers/oim_server1/tmp/_WL_user/oracle.iam.ui.view/ycwdzs/WEB-INF/lib/adflibApprovalDetailsUI.jar!/META-INF/adfc-config.xml': Duplicate activity 'Empty1_jspx' detected. Also defined in 'TaskFlowId=<null>; DocumentName=/META-INF/adfc-config.xml; Location=zip:/oracle/domains/oim_domain/servers/oim_server1/tmp/_WL_user/oracle.iam.ui.view/ycwdzs/WEB-INF/lib/adflibCertificationDetailsUI.jar!/META-INF/adfc-config.xml'.> 
<Oct 6, 2026 9:26:57,748 PM CST> <Warning> <oracle.adfinternal.controller.metadata.MetadataServiceImpl> <ADFC-52010> <ADFc: 'TaskFlowId=<null>; DocumentName=/META-INF/adfc-config.xml; Location=zip:/oracle/domains/oim_domain/servers/oim_server1/tmp/_WL_user/oracle.iam.ui.view/ycwdzs/WEB-INF/lib/adflibPendingApprovalsUI.jar!/META-INF/adfc-config.xml': Duplicate activity 'Empty1_jspx' detected. Also defined in 'TaskFlowId=<null>; DocumentName=/META-INF/adfc-config.xml; Location=zip:/oracle/domains/oim_domain/servers/oim_server1/tmp/_WL_user/oracle.iam.ui.view/ycwdzs/WEB-INF/lib/adflibApprovalDetailsUI.jar!/META-INF/adfc-config.xml'.> 
<Oct 6, 2026 9:26:57,748 PM CST> <Warning> <oracle.adfinternal.controller.metadata.MetadataServiceImpl> <ADFC-52010> <ADFc: 'TaskFlowId=<null>; DocumentName=/META-INF/adfc-config.xml; Location=zip:/oracle/domains/oim_domain/servers/oim_server1/tmp/_WL_user/oracle.iam.ui.view/ycwdzs/WEB-INF/lib/adflibIdentityAuditDetailsUI.jar!/META-INF/adfc-config.xml': Duplicate activity 'Empty1_jspx' detected. Also defined in 'TaskFlowId=<null>; DocumentName=/META-INF/adfc-config.xml; Location=zip:/oracle/domains/oim_domain/servers/oim_server1/tmp/_WL_user/oracle.iam.ui.view/ycwdzs/WEB-INF/lib/adflibPendingApprovalsUI.jar!/META-INF/adfc-config.xml'.> 
<Oct 6, 2026 9:26:57,749 PM CST> <Warning> <oracle.adfinternal.controller.metadata.MetadataServiceImpl> <ADFC-52010> <ADFc: 'TaskFlowId=<null>; DocumentName=/META-INF/adfc-config.xml; Location=zip:/oracle/domains/oim_domain/servers/oim_server1/tmp/_WL_user/oracle.iam.ui.view/ycwdzs/WEB-INF/lib/adflibTaskDetailsUI.jar!/META-INF/adfc-config.xml': Duplicate activity 'Empty1_jspx' detected. Also defined in 'TaskFlowId=<null>; DocumentName=/META-INF/adfc-config.xml; Location=zip:/oracle/domains/oim_domain/servers/oim_server1/tmp/_WL_user/oracle.iam.ui.view/ycwdzs/WEB-INF/lib/adflibIdentityAuditDetailsUI.jar!/META-INF/adfc-config.xml'.> 
<Oct 6, 2026 9:26:59,500 PM CST> <Warning> <oracle.adf.share.http.ServletADFContext> <BEA-000000> <Found oracle.adf.share.DefaultContext sticking to oldContext, while the current application is oracle.iam.console.identity.self-service.ear#V2.0> 
<Oct 6, 2026 9:27:00,411 PM CST> <Warning> <oracle.adf.share.http.ServletADFContext> <BEA-000000> <Found oracle.adf.share.DefaultContext sticking to oldContext, while the current application is oracle.iam.console.identity.self-service.ear#V2.0> 
<Oct 6, 2026 9:27:15,216 PM CST> <Warning> <org.apache.myfaces.trinidad.util.ClassLoaderUtils> <BEA-000000> <Resource name "/oracle/iam/ui/platform/css/platform.css" begins with a slash, which is not portable.> 
<Oct 6, 2026 9:27:15,229 PM CST> <Warning> <org.apache.myfaces.trinidad.util.ClassLoaderUtils> <BEA-000000> <Resource name "/oracle/iam/ui/platform/css/platform.css" begins with a slash, which is not portable.> 
<Oct 6, 2026 9:27:15,750 PM CST> <Warning> <org.apache.myfaces.trinidadinternal.style.xml.parse.StyleSheetDocument> <BEA-000000> <Circular dependency detected in style af|dvt-timeline> 
<Oct 6, 2026 9:27:19,661 PM CST> <Warning> <oracle.adf.share.http.ServletADFContext> <BEA-000000> <Found oracle.adf.share.DefaultContext sticking to oldContext, while the current application is oracle.iam.console.identity.self-service.ear#V2.0> 
<Oct 6, 2026 9:27:20,504 PM CST> <Warning> <oracle.adf.share.http.ServletADFContext> <BEA-000000> <Found oracle.adf.share.DefaultContext sticking to oldContext, while the current application is oracle.iam.console.identity.self-service.ear#V2.0> 
<Oct 6, 2026 9:27:23,065 PM CST> <Warning> <oracle.adf.share.http.ServletADFContext> <BEA-000000> <Found oracle.adf.share.DefaultContext sticking to oldContext, while the current application is oracle.iam.console.identity.self-service.ear#V2.0> 
<Oct 6, 2026 9:27:24,182 PM CST> <Warning> <oracle.iam> <BEA-000000> <oracle.iam.ui.platform.servletfilter.OIMRedirectValidatorFilter::getURLValidatonMode::XL.AllowedBackURLsMode property not set. Defaulting to ENFORCE > 
<Oct 6, 2026 9:27:26,033 PM CST> <Warning> <oracle.adf.share.http.ServletADFContext> <BEA-000000> <Found oracle.adf.share.DefaultContext sticking to oldContext, while the current application is oracle.iam.console.identity.self-service.ear#V2.0> 
<Oct 6, 2026 9:27:31,478 PM CST> <Warning> <XELLERATE.SCHEDULER.TASK> <BEA-000000> <AccessPolicy: tcTskUsrEvaluatePolicies/init: maxWorkerCount: 5 batchSize: 500 maxExecutionTimeMins: null startTime: 1791343651478> 
<Oct 6, 2026 9:27:33,431 PM CST> <Warning> <oracle.adf.share.http.ServletADFContext> <BEA-000000> <Found oracle.adf.share.DefaultContext sticking to oldContext, while the current application is oracle.iam.console.identity.self-service.ear#V2.0> 
SuperResourceBundle.setParent() seems to be fine- baseName=oracle.iam.ui.OIMUIBundle,locale=en_US,class.getClassLoader=not-null,thread class loader=not-null,ResourceBundlerUtils.getADFContext()=not-null,ResourceBundleUtils.getADFContext().getApplicationScope()=not-null
SuperResourceBundle.setParent() seems to be fine- baseName=oracle.iam.ui.OIMUIBundle,locale=en_US,class.getClassLoader=not-null,thread class loader=not-null,ResourceBundlerUtils.getADFContext()=not-null,ResourceBundleUtils.getADFContext().getApplicationScope()=not-null
<Oct 6, 2026 9:27:44,777 PM CST> <Error> <oracle.adfinternal.view.page.editor.utils.ReflectionUtility> <WCS-16178> <Error instantiating class - oracle.adfdtinternal.view.faces.portlet.PortletDefinitionDTFactory> 
<Oct 6, 2026 9:27:51,109 PM CST> <Warning> <oracle.adf.share.http.ServletADFContext> <BEA-000000> <Found oracle.adf.share.DefaultContext sticking to oldContext, while the current application is oracle.iam.console.identity.self-service.ear#V2.0> 
<Oct 6, 2026 9:27:52,605 PM CST> <Warning> <oracle.adf.share.http.ServletADFContext> <BEA-000000> <Found oracle.adf.share.DefaultContext sticking to oldContext, while the current application is oracle.iam.console.identity.self-service.ear#V2.0> 
<Oct 6, 2026 9:27:54,876 PM CST> <Warning> <oracle.adf.share.http.ServletADFContext> <BEA-000000> <Found oracle.adf.share.DefaultContext sticking to oldContext, while the current application is oracle.iam.console.identity.self-service.ear#V2.0> 
<Oct 6, 2026 9:28:02,974 PM CST> <Warning> <oracle.adf.share.http.ServletADFContext> <BEA-000000> <Found oracle.adf.share.DefaultContext sticking to oldContext, while the current application is oracle.iam.console.identity.self-service.ear#V2.0> 
<Oct 6, 2026 9:28:07,143 PM CST> <Warning> <oracle.adf.share.jndi.ReferenceStoreHelper> <BEA-000000> <Incomplete connection reference object for connection:applicationPlease check application's cwallet.sso file has credential entry for this connection.> 
<Oct 6, 2026 9:28:07,594 PM CST> <Warning> <oracle.adf.share.jndi.ReferenceStoreHelper> <BEA-000000> <Incomplete connection reference object for connection:ApplicationDBPlease check application's cwallet.sso file has credential entry for this connection.> 
executing in the server environment hence initialising ADPClassWatchDog
Xl Home Dir :/oracle/mw/12c/idm/server
<Oct 6, 2026 9:28:22,212 PM CST> <Warning> <oracle.adf.share.http.ServletADFContext> <BEA-000000> <Found oracle.adf.share.DefaultContext sticking to oldContext, while the current application is oracle.iam.console.identity.self-service.ear#V2.0> 
<Oct 6, 2026 9:28:24,074 PM CST> <Warning> <oracle.adf.share.http.ServletADFContext> <BEA-000000> <Found oracle.adf.share.DefaultContext sticking to oldContext, while the current application is oracle.iam.console.identity.self-service.ear#V2.0> 
<Oct 6, 2026 9:28:28,709 PM CST> <Error> <oracle.iam.catalog.util> <BEA-000000> <The system property with keyword Catalog.HierarchicalAttributesOfEntitlement does not exist.> 
<Oct 6, 2026 9:28:30,618 PM CST> <Warning> <org.apache.myfaces.trinidad.component.UIXComponentBase> <BEA-000000> <getClientId should not be called while the view is being constructed. Component ID: m1> 
<Oct 6, 2026 9:28:30,622 PM CST> <Warning> <org.apache.myfaces.trinidad.component.UIXComponentBase> <BEA-000000> <getClientId should not be called while the view is being constructed. Component ID: m1> 
<Oct 6, 2026 9:28:30,624 PM CST> <Warning> <org.apache.myfaces.trinidad.component.UIXComponentBase> <BEA-000000> <getClientId should not be called while the view is being constructed. Component ID: t4> 
<Oct 6, 2026 9:28:30,626 PM CST> <Warning> <org.apache.myfaces.trinidad.component.UIXComponentBase> <BEA-000000> <getClientId should not be called while the view is being constructed. Component ID: t4> 
<Oct 6, 2026 9:28:32,626 PM CST> <Warning> <XELLERATE.SCHEDULER.TASK> <BEA-000000> <AccessPolicy: tcTskUsrEvaluatePolicies/init: maxWorkerCount: 5 batchSize: 500 maxExecutionTimeMins: null startTime: 1791343712626> 
<Oct 6, 2026 9:28:32,901 PM CST> <Warning> <oracle.adf.share.http.ServletADFContext> <BEA-000000> <Found oracle.adf.share.DefaultContext sticking to oldContext, while the current application is oracle.iam.console.identity.self-service.ear#V2.0> 
<Oct 6, 2026 9:28:33,649 PM CST> <Warning> <oracle.iam.callbacks.common> <IAM-2030178> <[CALLBACKMSG] Default tenantGUID value in a non-MT enabled env is false> 
<Oct 6, 2026 9:28:36,228 PM CST> <Warning> <oracle.adf.share.http.ServletADFContext> <BEA-000000> <Found oracle.adf.share.DefaultContext sticking to oldContext, while the current application is oracle.iam.console.identity.self-service.ear#V2.0> 
<Oct 6, 2026 9:28:37,065 PM CST> <Error> <oracle.iam.catalog.util> <BEA-000000> <The system property with keyword Catalog.HierarchicalAttributesOfEntitlement does not exist.> 
<Oct 6, 2026 9:28:37,305 PM CST> <Warning> <oracle.adf.model.log.customizations.def> <BEA-000000> <PDef (oracle.jbo.server.PDefViewObject) oracle.iam.ui.common.model.catalog.view.CatalogItemsVO is missing StaticDef> 
<Oct 6, 2026 9:28:37,372 PM CST> <Warning> <oracle.adf.model.log.customizations.def> <BEA-000000> <PDef (oracle.jbo.server.PDefEntityObject) oracle.iam.ui.common.model.catalog.entity.CatalogItemsEO is missing StaticDef> 
<Oct 6, 2026 9:28:38,456 PM CST> <Error> <oracle.iam.request.impl> <IAM-2050076> <No request found with the request ID 130.> 
<Oct 6, 2026 9:28:39,969 PM CST> <Error> <oracle.iam.request.impl> <IAM-2050076> <No request found with the request ID 130.> 
<Oct 6, 2026 9:28:40,493 PM CST> <Error> <oracle.adf.model.log.ViewObject> <BEA-000000> <Ignoring columname:ID for transient entity attribute for view attribute:sessiondef.oracle.iam.ui.runtime.form.model.DWebFormv3.view.DWebFormv3VO.ID> 
<Oct 6, 2026 9:28:40,496 PM CST> <Error> <oracle.adf.model.log.ViewObject> <BEA-000000> <Ignoring columname:rowType for transient entity attribute for view attribute:sessiondef.oracle.iam.ui.runtime.form.model.DWebFormv3.view.DWebFormv3VO.rowType> 
<Oct 6, 2026 9:28:40,498 PM CST> <Error> <oracle.adf.model.log.ViewObject> <BEA-000000> <Ignoring columname:requestId for transient entity attribute for view attribute:sessiondef.oracle.iam.ui.runtime.form.model.DWebFormv3.view.DWebFormv3VO.requestId> 
<Oct 6, 2026 9:28:44,150 PM CST> <Warning> <org.apache.myfaces.trinidad.component.UIXComponentBase> <BEA-000000> <getClientId should not be called while the view is being constructed. Component ID: m1> 
<Oct 6, 2026 9:28:44,152 PM CST> <Warning> <org.apache.myfaces.trinidad.component.UIXComponentBase> <BEA-000000> <getClientId should not be called while the view is being constructed. Component ID: m1> 
<Oct 6, 2026 9:28:44,154 PM CST> <Warning> <org.apache.myfaces.trinidad.component.UIXComponentBase> <BEA-000000> <getClientId should not be called while the view is being constructed. Component ID: t4> 
<Oct 6, 2026 9:28:44,155 PM CST> <Warning> <org.apache.myfaces.trinidad.component.UIXComponentBase> <BEA-000000> <getClientId should not be called while the view is being constructed. Component ID: t4> 
<Oct 6, 2026 9:28:49,695 PM CST> <Warning> <oracle.adf.share.http.ServletADFContext> <BEA-000000> <Found oracle.adf.share.DefaultContext sticking to oldContext, while the current application is oracle.iam.console.identity.self-service.ear#V2.0> 
<Oct 6, 2026 9:28:51,736 PM CST> <Warning> <oracle.adf.share.http.ServletADFContext> <BEA-000000> <Found oracle.adf.share.DefaultContext sticking to oldContext, while the current application is oracle.iam.console.identity.self-service.ear#V2.0> 
<Oct 6, 2026 9:28:54,033 PM CST> <Warning> <oracle.wsm.resources.security> <WSM-00342> <Certificate/Key with subject DN "CN=CertGenCAB,OU=FOR TESTING ONLY,O=MyOrganization,L=MyTown,ST=MyState,C=US" has expired.> 
<Oct 6, 2026 9:29:03,334 PM CST> <Warning> <oracle.adf.share.http.ServletADFContext> <BEA-000000> <Found oracle.adf.share.DefaultContext sticking to oldContext, while the current application is oracle.iam.console.identity.self-service.ear#V2.0> 
2026-10-06 21:29:17.614 [INFO] com.telcel.iam.dealerweb.connector.DWebConnector - Start Init Method
2026-10-06 21:29:17.617 [INFO] com.telcel.iam.dealerweb.connector.DWebConnector - dWebConfig: DWebConfig{urlSMS=http://iib.telcel.com:1722/mexico/telcel/di/sds/bes/crm/systemmanagementservice/v1?wsdl, urlTIS=http://iib.telcel.com:1722/mexico/telcel/di/sds/bes/crm/telcelinterfaceservices/v8?wsdl, version=1.0, businessCodeCreate=createEmployee, businessCodeRole=manageRole, businessCodeRead=queryEmployee, businessCodeUpdate=updateEmployee, businessCodeDelete=deleteEmployee, sendBy=pre-41eef7e4-c9ea-4a22-8f3d-b799, crmBeId=101, crmRegionId=101, crmOperatorCode=628, crmOperatorOrgId=5736753466, channelType=628, clientId=f3e6538385794b73abca1f23a65fed25, token=Bearer cfcc7b4aed81a7b65c1d2da1fff50954, traceEnabled=true, userIdAttribute=employeeCode, timeout=5}
2026-10-06 21:29:17.624 [INFO] com.telcel.iam.dealerweb.connector.DWebClient - DWebClient
<Oct 6, 2026 9:29:19,624 PM CST> <Warning> <com.sun.xml.ws.model.JavaMethodImpl> <BEA-000000> <Mismatch between Java model and WSDL model found, For wsdl operation {http://www.amx.com.mx/mexico/telcel/di/sds/bes/crm/esb/systemmanagementservice}createEmployees,There is no matching wsdl fault with detail QName {http://www.amx.com.mx/mexico/telcel/di/sds/bes/crm/esb/telcelinterfaceservices}generalException> 
<Oct 6, 2026 9:29:19,629 PM CST> <Warning> <com.sun.xml.ws.model.JavaMethodImpl> <BEA-000000> <Mismatch between Java model and WSDL model found, For wsdl operation {http://www.amx.com.mx/mexico/telcel/di/sds/bes/crm/esb/systemmanagementservice}updateEmployees,There is no matching wsdl fault with detail QName {http://www.amx.com.mx/mexico/telcel/di/sds/bes/crm/esb/telcelinterfaceservices}generalException> 
<Oct 6, 2026 9:29:19,630 PM CST> <Warning> <com.sun.xml.ws.model.JavaMethodImpl> <BEA-000000> <Mismatch between Java model and WSDL model found, For wsdl operation {http://www.amx.com.mx/mexico/telcel/di/sds/bes/crm/esb/systemmanagementservice}deleteEmployees,There is no matching wsdl fault with detail QName {http://www.amx.com.mx/mexico/telcel/di/sds/bes/crm/esb/telcelinterfaceservices}generalException> 
<Oct 6, 2026 9:29:19,630 PM CST> <Warning> <com.sun.xml.ws.model.JavaMethodImpl> <BEA-000000> <Mismatch between Java model and WSDL model found, For wsdl operation {http://www.amx.com.mx/mexico/telcel/di/sds/bes/crm/esb/systemmanagementservice}manageEmployeeRoles,There is no matching wsdl fault with detail QName {http://www.amx.com.mx/mexico/telcel/di/sds/bes/crm/esb/telcelinterfaceservices}generalException> 
<Oct 6, 2026 9:29:19,631 PM CST> <Warning> <com.sun.xml.ws.model.JavaMethodImpl> <BEA-000000> <Mismatch between Java model and WSDL model found, For wsdl operation {http://www.amx.com.mx/mexico/telcel/di/sds/bes/crm/esb/systemmanagementservice}manageFavorites,There is no matching wsdl fault with detail QName {http://www.amx.com.mx/mexico/telcel/di/sds/bes/crm/esb/telcelinterfaceservices}generalException> 
<Oct 6, 2026 9:29:19,631 PM CST> <Warning> <com.sun.xml.ws.model.JavaMethodImpl> <BEA-000000> <Mismatch between Java model and WSDL model found, For wsdl operation {http://www.amx.com.mx/mexico/telcel/di/sds/bes/crm/esb/systemmanagementservice}getOrgInfo,There is no matching wsdl fault with detail QName {http://www.amx.com.mx/mexico/telcel/di/sds/bes/crm/esb/telcelinterfaceservices}generalException> 
<Oct 6, 2026 9:29:19,631 PM CST> <Warning> <com.sun.xml.ws.model.JavaMethodImpl> <BEA-000000> <Mismatch between Java model and WSDL model found, For wsdl operation {http://www.amx.com.mx/mexico/telcel/di/sds/bes/crm/esb/systemmanagementservice}createOrg,There is no matching wsdl fault with detail QName {http://www.amx.com.mx/mexico/telcel/di/sds/bes/crm/esb/telcelinterfaceservices}generalException> 
<Oct 6, 2026 9:29:19,631 PM CST> <Warning> <com.sun.xml.ws.model.JavaMethodImpl> <BEA-000000> <Mismatch between Java model and WSDL model found, For wsdl operation {http://www.amx.com.mx/mexico/telcel/di/sds/bes/crm/esb/systemmanagementservice}updateOrgInfo,There is no matching wsdl fault with detail QName {http://www.amx.com.mx/mexico/telcel/di/sds/bes/crm/esb/telcelinterfaceservices}generalException> 
<Oct 6, 2026 9:29:19,631 PM CST> <Warning> <com.sun.xml.ws.model.JavaMethodImpl> <BEA-000000> <Mismatch between Java model and WSDL model found, For wsdl operation {http://www.amx.com.mx/mexico/telcel/di/sds/bes/crm/esb/systemmanagementservice}queryEmployeeAdditionalInfos,There is no matching wsdl fault with detail QName {http://www.amx.com.mx/mexico/telcel/di/sds/bes/crm/esb/telcelinterfaceservices}generalException> 
<Oct 6, 2026 9:29:19,632 PM CST> <Warning> <com.sun.xml.ws.model.JavaMethodImpl> <BEA-000000> <Mismatch between Java model and WSDL model found, For wsdl operation {http://www.amx.com.mx/mexico/telcel/di/sds/bes/crm/esb/systemmanagementservice}addEmployeeAdditionalInfos,There is no matching wsdl fault with detail QName {http://www.amx.com.mx/mexico/telcel/di/sds/bes/crm/esb/telcelinterfaceservices}generalException> 
<Oct 6, 2026 9:29:19,632 PM CST> <Warning> <com.sun.xml.ws.model.JavaMethodImpl> <BEA-000000> <Mismatch between Java model and WSDL model found, For wsdl operation {http://www.amx.com.mx/mexico/telcel/di/sds/bes/crm/esb/systemmanagementservice}modifyEmployeeAdditionalInfos,There is no matching wsdl fault with detail QName {http://www.amx.com.mx/mexico/telcel/di/sds/bes/crm/esb/telcelinterfaceservices}generalException> 
<Oct 6, 2026 9:29:19,632 PM CST> <Warning> <com.sun.xml.ws.model.JavaMethodImpl> <BEA-000000> <Mismatch between Java model and WSDL model found, For wsdl operation {http://www.amx.com.mx/mexico/telcel/di/sds/bes/crm/esb/systemmanagementservice}deleteEmployeeAdditionalInfos,There is no matching wsdl fault with detail QName {http://www.amx.com.mx/mexico/telcel/di/sds/bes/crm/esb/telcelinterfaceservices}generalException> 
<Oct 6, 2026 9:29:19,632 PM CST> <Warning> <com.sun.xml.ws.model.JavaMethodImpl> <BEA-000000> <Mismatch between Java model and WSDL model found, For wsdl operation {http://www.amx.com.mx/mexico/telcel/di/sds/bes/crm/esb/systemmanagementservice}queryOrganizationAdditionalInfos,There is no matching wsdl fault with detail QName {http://www.amx.com.mx/mexico/telcel/di/sds/bes/crm/esb/telcelinterfaceservices}generalException> 
<Oct 6, 2026 9:29:19,632 PM CST> <Warning> <com.sun.xml.ws.model.JavaMethodImpl> <BEA-000000> <Mismatch between Java model and WSDL model found, For wsdl operation {http://www.amx.com.mx/mexico/telcel/di/sds/bes/crm/esb/systemmanagementservice}addOrganizationAdditionalInfos,There is no matching wsdl fault with detail QName {http://www.amx.com.mx/mexico/telcel/di/sds/bes/crm/esb/telcelinterfaceservices}generalException> 
<Oct 6, 2026 9:29:19,632 PM CST> <Warning> <com.sun.xml.ws.model.JavaMethodImpl> <BEA-000000> <Mismatch between Java model and WSDL model found, For wsdl operation {http://www.amx.com.mx/mexico/telcel/di/sds/bes/crm/esb/systemmanagementservice}modifyOrganizationAdditionalInfos,There is no matching wsdl fault with detail QName {http://www.amx.com.mx/mexico/telcel/di/sds/bes/crm/esb/telcelinterfaceservices}generalException> 
<Oct 6, 2026 9:29:19,633 PM CST> <Warning> <com.sun.xml.ws.model.JavaMethodImpl> <BEA-000000> <Mismatch between Java model and WSDL model found, For wsdl operation {http://www.amx.com.mx/mexico/telcel/di/sds/bes/crm/esb/systemmanagementservice}deleteOrganizationAdditionalInfos,There is no matching wsdl fault with detail QName {http://www.amx.com.mx/mexico/telcel/di/sds/bes/crm/esb/telcelinterfaceservices}generalException> 
<Oct 6, 2026 9:29:19,633 PM CST> <Warning> <com.sun.xml.ws.model.JavaMethodImpl> <BEA-000000> <Mismatch between Java model and WSDL model found, For wsdl operation {http://www.amx.com.mx/mexico/telcel/di/sds/bes/crm/esb/systemmanagementservice}queryOrgnizationExtendAttributes,There is no matching wsdl fault with detail QName {http://www.amx.com.mx/mexico/telcel/di/sds/bes/crm/esb/telcelinterfaceservices}generalException> 
<Oct 6, 2026 9:29:20,563 PM CST> <Warning> <oracle.dms.instrument> <DMS-50763> <Attempt to create pre-existing noun /oim_domain/oim_server1/oim, of type wls_jaxrsapp_resources, with a conflicting type wls_ear.> 
<Oct 6, 2026 9:29:22,322 PM CST> <Warning> <oracle.dms.instrument> <DMS-50763> <Attempt to create pre-existing noun /oim_domain/oim_server1/oim, of type wls_jaxrsapp_resources, with a conflicting type wls_ear.> 
2026-10-06 21:29:22.536 [INFO] com.telcel.iam.dealerweb.connector.util.DWebUtil - isWSDLAvailable.url: http://iib.telcel.com:1722/mexico/telcel/di/sds/bes/crm/systemmanagementservice/v1?wsdl
2026-10-06 21:29:23.137 [INFO] com.telcel.iam.dealerweb.connector.util.DWebUtil - isWSDLAvailable.url: http://iib.telcel.com:1722/mexico/telcel/di/sds/bes/crm/telcelinterfaceservices/v8?wsdl
2026-10-06 21:29:23.330 [INFO] com.telcel.iam.dealerweb.connector.DWebConnector - End Init Method
2026-10-06 21:29:23.334 [INFO] com.telcel.iam.dealerweb.connector.DWebConnector - create
2026-10-06 21:29:23.335 [INFO] com.telcel.iam.dealerweb.connector.DWebConnector - isUserObjectClass.ObjectClass Type: ObjectClass: __ACCOUNT__
2026-10-06 21:29:23.336 [INFO] com.telcel.iam.dealerweb.connector.util.DWebUtil - generateAttributeMap.Attributes: [Attribute: {Name=orgId, Value=[9700044604]}, Attribute: {Name=status, Value=[1]}, Attribute: {Name=contactPhone, Value=[5511223344]}, Attribute: {Name=employeeCode, Value=[ZHNP96.ENTER4]}, Attribute: {Name=email, Value=[dummy-svega@telcel.com]}, Attribute: {Name=name, Value=[SERGIO VEGA]}]
2026-10-06 21:29:23.337 [INFO] com.telcel.iam.dealerweb.connector.util.DWebUtil - generateAttributeMap.Attribute: orgId=9700044604
2026-10-06 21:29:23.337 [INFO] com.telcel.iam.dealerweb.connector.util.DWebUtil - generateAttributeMap.Attribute: status=1
2026-10-06 21:29:23.337 [INFO] com.telcel.iam.dealerweb.connector.util.DWebUtil - generateAttributeMap.Attribute: contactPhone=5511223344
2026-10-06 21:29:23.337 [INFO] com.telcel.iam.dealerweb.connector.util.DWebUtil - generateAttributeMap.Attribute: employeeCode=ZHNP96.ENTER4
2026-10-06 21:29:23.337 [INFO] com.telcel.iam.dealerweb.connector.util.DWebUtil - generateAttributeMap.Attribute: email=dummy-svega@telcel.com
2026-10-06 21:29:23.337 [INFO] com.telcel.iam.dealerweb.connector.util.DWebUtil - generateAttributeMap.Attribute: name=SERGIO VEGA
2026-10-06 21:29:23.337 [INFO] com.telcel.iam.dealerweb.connector.DWebConnector - create.employeeCode=ZHNP96.ENTER4
2026-10-06 21:29:23.337 [INFO] com.telcel.iam.dealerweb.connector.DWebConnector - create.Attributes: {orgId=9700044604, status=1, contactPhone=5511223344, employeeCode=ZHNP96.ENTER4, email=dummy-svega@telcel.com, name=SERGIO VEGA}
2026-10-06 21:29:23.337 [INFO] com.telcel.iam.dealerweb.connector.DWebClient - search.SearchUser: ZHNP96.ENTER4
2026-10-06 21:29:23.338 [INFO] com.telcel.iam.dealerweb.connector.DWebClient - search.SearchUser.reqQueryEmployee: [ZHNP96.ENTER4]
---[HTTP request - http://iib.telcel.com:1722/mexico/telcel/di/sds/bes/crm/telcelinterfaceservices/v8]---
Accept: text/xml, multipart/related
Client-Id: f3e6538385794b73abca1f23a65fed25
Content-Type: text/xml; charset=utf-8
SOAPAction: "http://www.amx.com.mx/mexico/telcel/di/sds/bes/crm/esb/telcelinterfaceservices/queryEmployees"
Token: Bearer cfcc7b4aed81a7b65c1d2da1fff50954
User-Agent: JAX-WS RI 2.3.0-wls122140-b230824.1031 svn-revision#e4bad6ac24018736698e2952f77e76e7f403a9f1
<?xml version='1.0' encoding='UTF-8'?><S:Envelope xmlns:S="http://schemas.xmlsoap.org/soap/envelope/"><S:Header><WorkContext xmlns="http://oracle.com/weblogic/soap/workarea/">rO0ABXehACZ3ZWJsb2dpYy5kaWFnbm9zdGljcy5EaWFnbm9zdGljQ29udGV4dAAAAX8AAAAyd2VibG9naWMuZGlhZ25vc3RpY3MuY29udGV4dC5EaWFnbm9zdGljQ29udGV4dEltcGwAAAAwfGUzYTk0M2U5LTE3NzUtNGU0Ni05MmNlLWQwNzVhNjgyMzBlNi0wMDAwMDExY3x8AAAAAgAAAAAAAAA=</WorkContext></S:Header><S:Body><ns0:queryEmployees xmlns:ns0="http://www.amx.com.mx/mexico/telcel/di/sds/bes/crm/esb/telcelinterfaceservices" xmlns:ns2="http://amx.com/mexico/telcel/esb/v1_2"><controlData><ns2:version>1.0</ns2:version><ns2:businessCode>queryEmployee</ns2:businessCode><ns2:messageUUID>fmw.oracle.com-2026-10-06T21:29:23.343-06:00</ns2:messageUUID><ns2:requestDate>2026-10-06T21:29:23.343-06:00</ns2:requestDate><ns2:sendBy>pre-41eef7e4-c9ea-4a22-8f3d-b799</ns2:sendBy><ns2:ipClient>192.168.3.200</ns2:ipClient><ns2:besCrmRequestHeader><ns2:beId>101</ns2:beId><ns2:regionId>101</ns2:regionId><ns2:operatorInfo><ns2:operatorCode>628</ns2:operatorCode><ns2:orgId>5736753466</ns2:orgId></ns2:operatorInfo><ns2:channelType>628</ns2:channelType></ns2:besCrmRequestHeader></controlData><queryEmployees><employeeCodes>ZHNP96.ENTER4</employeeCodes></queryEmployees></ns0:queryEmployees></S:Body></S:Envelope>--------------------

---[HTTP response - http://iib.telcel.com:1722/mexico/telcel/di/sds/bes/crm/telcelinterfaceservices/v8 - 200]---
null: HTTP/1.1 200 OK
Content-Length: 1628
Content-Type: text/xml;charset=utf-8
Date: Wed, 07 Oct 2026 03:29:23 GMT
Server: IBM App Connect Enterprise
<NS1:Envelope xmlns:NS1="http://schemas.xmlsoap.org/soap/envelope/"><NS1:Body><apl:queryEmployeesResponse xmlns:apl="http://www.amx.com.mx/mexico/telcel/di/sds/bes/crm/esb/telcelinterfaceservices" xmlns:esb="http://amx.com/mexico/telcel/esb/v1_2"><controlData><esb:version>1.0</esb:version><esb:resultCode>ESB0</esb:resultCode><esb:resultDesc>Peticion exitosa</esb:resultDesc><esb:messageUUID>fmw.oracle.com-2026-10-06T21:29:23.343-06:00</esb:messageUUID><esb:responseDate>2026-10-06T21:29:23.883</esb:responseDate><esb:sendBy>ESB</esb:sendBy><esb:latency>66</esb:latency></controlData><detailResponse><esb:code>0</esb:code><esb:severityLevel>0</esb:severityLevel><esb:description>Success</esb:description><esb:actor>Huawei_BES_CRM_queryEmployees</esb:actor></detailResponse><queryEmployeesResponse><beId>101</beId><beCode>101</beCode><regionCode>101009001</regionCode><regionId>9090000000</regionId><email>dummy-svega@telcel.com</email><employeeCode>ZHNP96.ENTER4</employeeCode><employeeId>1790213579894321172</employeeId><employeeName>SERGIO VEGA</employeeName><operId>1573676042936301757</operId><operTime>2026-10-06T16:26:50.000-06:00</operTime><orgId>9700044604</orgId><status>3</status><roles><roleId>1604686069789195036</roleId><roleName>MX09CD01</roleName><roleType>G</roleType></roles><roles><roleId>1591897899077542284</roleId><roleName>TT Basico</roleName></roles><roles><roleId>1683232029731277191</roleId><roleName>MX09CC00</roleName><roleType>G</roleType></roles><roles><roleId>6010100001</roleId><roleName>Rol base</roleName></roles></queryEmployeesResponse></apl:queryEmployeesResponse></NS1:Body></NS1:Envelope>--------------------

2026-10-06 21:29:24.029 [INFO] com.telcel.iam.dealerweb.connector.DWebClient - preCreate.Resultado de Búsqueda de Usuario en DealerWeb: SearchRequestResult{resultCode: 0, errorMessage:, attributes={regionId=9090000000, name=SERGIO VEGA, employeeId=1790213579894321172, email=dummy-svega@telcel.com, orgId=9700044604, employeeCode=ZHNP96.ENTER4, status=3}, identifier=ZHNP96.ENTER4}
2026-10-06 21:29:24.029 [INFO] com.telcel.iam.dealerweb.connector.DWebClient - preCreate.El usuario tiene otro Status activo en DealerWeb: {orgId=9700044604, status=1, contactPhone=5511223344, employeeCode=ZHNP96.ENTER4, email=dummy-svega@telcel.com, name=SERGIO VEGA}
2026-10-06 21:29:24.029 [INFO] com.telcel.iam.dealerweb.connector.DWebClient - update.Update User: [ZHNP96.ENTER4] - Attributes: {orgId=9700044604, status=1, contactPhone=5511223344, employeeCode=ZHNP96.ENTER4, email=dummy-svega@telcel.com, name=SERGIO VEGA}
2026-10-06 21:29:24.029 [INFO] com.telcel.iam.dealerweb.connector.DWebClient - getUpdatedAttributes.User: ZHNP96.ENTER4
2026-10-06 21:29:24.030 [INFO] com.telcel.iam.dealerweb.connector.DWebClient - getUpdatedAttributes.New Attributes contains key: name
2026-10-06 21:29:24.031 [INFO] com.telcel.iam.dealerweb.connector.DWebClient - getUpdatedAttributes.Attribute: name is equal: SERGIO VEGA
2026-10-06 21:29:24.031 [INFO] com.telcel.iam.dealerweb.connector.DWebClient - getUpdatedAttributes.New Attributes contains key: email
2026-10-06 21:29:24.031 [INFO] com.telcel.iam.dealerweb.connector.DWebClient - getUpdatedAttributes.Attribute: email is equal: dummy-svega@telcel.com
2026-10-06 21:29:24.031 [INFO] com.telcel.iam.dealerweb.connector.DWebClient - getUpdatedAttributes.New Attributes contains key: orgId
2026-10-06 21:29:24.031 [INFO] com.telcel.iam.dealerweb.connector.DWebClient - getUpdatedAttributes.Attribute: orgId is equal: 9700044604
2026-10-06 21:29:24.031 [INFO] com.telcel.iam.dealerweb.connector.DWebClient - getUpdatedAttributes.New Attributes contains key: employeeCode
2026-10-06 21:29:24.031 [INFO] com.telcel.iam.dealerweb.connector.DWebClient - getUpdatedAttributes.Attribute: employeeCode is equal: ZHNP96.ENTER4
2026-10-06 21:29:24.031 [INFO] com.telcel.iam.dealerweb.connector.DWebClient - getUpdatedAttributes.New Attributes contains key: status
2026-10-06 21:29:24.031 [INFO] com.telcel.iam.dealerweb.connector.DWebClient - getUpdatedAttributes.Attribute: status is Different currentValue: 3, newValue: 1
2026-10-06 21:29:24.031 [INFO] com.telcel.iam.dealerweb.connector.DWebClient - update.Update User.userSearchRequestResult: SearchRequestResult{resultCode: 0, errorMessage:, attributes={regionId=9090000000, name=SERGIO VEGA, employeeId=1790213579894321172, email=dummy-svega@telcel.com, orgId=9700044604, employeeCode=ZHNP96.ENTER4, status=3}, identifier=ZHNP96.ENTER4}
---[HTTP request - http://iib.telcel.com:1722/mexico/telcel/di/sds/bes/crm/systemmanagementservice/v1]---
Accept: text/xml, multipart/related
Client-Id: f3e6538385794b73abca1f23a65fed25
Content-Type: text/xml; charset=utf-8
SOAPAction: "http://www.amx.com.mx/mexico/telcel/di/sds/bes/crm/esb/systemmanagementservice/updateEmployees"
Token: Bearer cfcc7b4aed81a7b65c1d2da1fff50954
User-Agent: JAX-WS RI 2.3.0-wls122140-b230824.1031 svn-revision#e4bad6ac24018736698e2952f77e76e7f403a9f1
<?xml version='1.0' encoding='UTF-8'?><S:Envelope xmlns:S="http://schemas.xmlsoap.org/soap/envelope/"><S:Header><WorkContext xmlns="http://oracle.com/weblogic/soap/workarea/">rO0ABXehACZ3ZWJsb2dpYy5kaWFnbm9zdGljcy5EaWFnbm9zdGljQ29udGV4dAAAAX8AAAAyd2VibG9naWMuZGlhZ25vc3RpY3MuY29udGV4dC5EaWFnbm9zdGljQ29udGV4dEltcGwAAAAwfGUzYTk0M2U5LTE3NzUtNGU0Ni05MmNlLWQwNzVhNjgyMzBlNi0wMDAwMDExY3x8AAAAAgAAAAAAAAA=</WorkContext></S:Header><S:Body><ns1:updateEmployees xmlns:ns1="http://www.amx.com.mx/mexico/telcel/di/sds/bes/crm/esb/systemmanagementservice" xmlns:ns2="http://amx.com/mexico/telcel/esb/v1_2"><controlData><ns2:version>1.0</ns2:version><ns2:businessCode>updateEmployee</ns2:businessCode><ns2:messageUUID>fmw.oracle.com-2026-10-06T21:29:24.032-06:00</ns2:messageUUID><ns2:requestDate>2026-10-06T21:29:24.032-06:00</ns2:requestDate><ns2:sendBy>pre-41eef7e4-c9ea-4a22-8f3d-b799</ns2:sendBy><ns2:ipClient>192.168.3.200</ns2:ipClient><ns2:besCrmRequestHeader><ns2:beId>101</ns2:beId><ns2:regionId>101</ns2:regionId><ns2:operatorInfo><ns2:operatorCode>628</ns2:operatorCode><ns2:orgId>5736753466</ns2:orgId></ns2:operatorInfo><ns2:channelType>628</ns2:channelType></ns2:besCrmRequestHeader></controlData><updateEmployees><employees><employee><employeeCode>ZHNP96.ENTER4</employeeCode><status>1</status></employee><loginUser><loginId>ZHNP96.ENTER4</loginId></loginUser></employees></updateEmployees></ns1:updateEmployees></S:Body></S:Envelope>--------------------

---[HTTP response - http://iib.telcel.com:1722/mexico/telcel/di/sds/bes/crm/systemmanagementservice/v1 - 500]---
null: HTTP/1.1 500 Internal Server Error
Content-Length: 2380
Content-Type: text/xml;charset=utf-8
Date: Wed, 07 Oct 2026 03:29:24 GMT
Server: IBM App Connect Enterprise
<soapenv:Envelope xmlns:soapenv="http://schemas.xmlsoap.org/soap/envelope/"><soapenv:Body><soapenv:Fault><faultcode>ESB1</faultcode><faultstring>Esquema NO valido: mensaje de entrada</faultstring><faultactor>ESB</faultactor><detail><apl:generalException xmlns:apl="http://www.amx.com.mx/mexico/telcel/di/sds/bes/crm/esb/systemmanagementservice" xmlns:esb="http://amx.com/mexico/telcel/esb/v1_2"><controlData><esb:version>2</esb:version><esb:resultCode>ESB1</esb:resultCode><esb:resultDesc>Esquema NO valido: mensaje de entrada</esb:resultDesc><esb:messageUUID>fmw.oracle.com-2026-10-06T21:29:24.032-06:00</esb:messageUUID><esb:responseDate>2026-10-06T21:29:24.074</esb:responseDate><esb:sendBy>ESB</esb:sendBy><esb:latency>5</esb:latency></controlData><detailFail><esb:operationName>updateEmployees</esb:operationName><esb:errors><esb:code>ESB1</esb:code><esb:severityLevel>3</esb:severityLevel><esb:description>Esquema NO valido: mensaje de entrada</esb:description><esb:actor>ESB</esb:actor><esb:businessMeaning>Esquema NO valido: mensaje de entrada</esb:businessMeaning></esb:errors><esb:errors><esb:code>5026</esb:code><esb:severityLevel>3</esb:severityLevel><esb:description>A schema validation error has occurred while validating the message tree, 5004, 2, 1, 1736, cvc-complex-type.2.4.a: Expecting element with local name &quot;name&quot; but saw &quot;status&quot;., /XMLNSC/SOAP_Domain_Msg/Body/{http://www.amx.com.mx/mexico/telcel/di/sds/bes/cr</esb:description><esb:actor>ESB</esb:actor><esb:businessMeaning>_</esb:businessMeaning></esb:errors><esb:errors><esb:code>2230</esb:code><esb:severityLevel>3</esb:severityLevel><esb:description>Node throwing exception, telcel.d16.system_managementv2.crm007.servicio.validarMsj</esb:description><esb:actor>ESB</esb:actor><esb:businessMeaning>_</esb:businessMeaning></esb:errors><esb:errors><esb:code>3605</esb:code><esb:severityLevel>3</esb:severityLevel><esb:description>SOAP tree cannot be serialized</esb:description><esb:actor>ESB</esb:actor><esb:businessMeaning>_</esb:businessMeaning></esb:errors><esb:errors><esb:code>5010</esb:code><esb:severityLevel>3</esb:severityLevel><esb:description>XML Writing Errors have occurred</esb:description><esb:actor>ESB</esb:actor><esb:businessMeaning>_</esb:businessMeaning></esb:errors></detailFail></apl:generalException></detail></soapenv:Fault></soapenv:Body></soapenv:Envelope>--------------------

<Oct 6, 2026 9:29:24,463 PM CST> <Error> <Default> <BEA-000000> <Error while invoking endpoint http://iib.telcel.com:1722/mexico/telcel/di/sds/bes/crm/systemmanagementservice/v1 from client; ServiceName: {http://www.amx.com.mx/mexico/telcel/di/sds/bes/crm/esb/systemmanagementservice}SystemManagementServiceHttpService ; PortName: {http://www.amx.com.mx/mexico/telcel/di/sds/bes/crm/esb/systemmanagementservice}SystemManagementServiceHttpPort ; Client side features: [weblogic.jws.jaxws.client.ClientIdentityFeature]; Client side policies: ; com.sun.xml.ws.fault.ServerSOAPFaultException: Client received SOAP Fault from server: Esquema NO valido: mensaje de entrada Please see the server log to find more detail regarding exact cause of the failure.
	at com.sun.xml.ws.fault.SOAP11Fault.getProtocolException(SOAP11Fault.java:193)
	at com.sun.xml.ws.fault.SOAPFaultBuilder.createException(SOAPFaultBuilder.java:136)
	at com.sun.xml.ws.client.sei.StubHandler.readResponse(StubHandler.java:253)
	at com.sun.xml.ws.db.DatabindingImpl.deserializeResponse(DatabindingImpl.java:205)
	at com.sun.xml.ws.db.DatabindingImpl.deserializeResponse(DatabindingImpl.java:292)
	at com.sun.xml.ws.client.sei.SyncMethodHandler.invoke(SyncMethodHandler.java:119)
	at com.sun.xml.ws.client.sei.SyncMethodHandler.invoke(SyncMethodHandler.java:92)
	at com.sun.xml.ws.client.sei.SEIStub.invoke(SEIStub.java:161)
	at com.sun.proxy.$Proxy606.updateEmployees(Unknown Source)
	at sun.reflect.NativeMethodAccessorImpl.invoke0(Native Method)
	at sun.reflect.NativeMethodAccessorImpl.invoke(NativeMethodAccessorImpl.java:62)
	at sun.reflect.DelegatingMethodAccessorImpl.invoke(DelegatingMethodAccessorImpl.java:43)
	at java.lang.reflect.Method.invoke(Method.java:498)
	at weblogic.wsee.jaxws.spi.ClientInstanceInvocationHandler.invoke(ClientInstanceInvocationHandler.java:148)
	at com.sun.proxy.$Proxy607.updateEmployees(Unknown Source)
	at com.telcel.iam.dealerweb.connector.DWebClient.updateEmployees(DWebClient.java:173)
	at com.telcel.iam.dealerweb.connector.DWebClient.update(DWebClient.java:336)
	at com.telcel.iam.dealerweb.connector.DWebClient.preCreate(DWebClient.java:283)
	at com.telcel.iam.dealerweb.connector.DWebConnector.create(DWebConnector.java:86)
	at org.identityconnectors.framework.impl.api.local.operations.CreateImpl.create(CreateImpl.java:80)
	at sun.reflect.NativeMethodAccessorImpl.invoke0(Native Method)
	at sun.reflect.NativeMethodAccessorImpl.invoke(NativeMethodAccessorImpl.java:62)
	at sun.reflect.DelegatingMethodAccessorImpl.invoke(DelegatingMethodAccessorImpl.java:43)
	at java.lang.reflect.Method.invoke(Method.java:498)
	at org.identityconnectors.framework.impl.api.local.operations.ConnectorAPIOperationRunnerProxy.invoke(ConnectorAPIOperationRunnerProxy.java:93)
	at com.sun.proxy.$Proxy602.create(Unknown Source)
	at sun.reflect.NativeMethodAccessorImpl.invoke0(Native Method)
	at sun.reflect.NativeMethodAccessorImpl.invoke(NativeMethodAccessorImpl.java:62)
	at sun.reflect.DelegatingMethodAccessorImpl.invoke(DelegatingMethodAccessorImpl.java:43)
	at java.lang.reflect.Method.invoke(Method.java:498)
	at org.identityconnectors.framework.impl.api.local.operations.ThreadClassLoaderManagerProxy.invoke(ThreadClassLoaderManagerProxy.java:107)
	at com.sun.proxy.$Proxy602.create(Unknown Source)
	at sun.reflect.NativeMethodAccessorImpl.invoke0(Native Method)
	at sun.reflect.NativeMethodAccessorImpl.invoke(NativeMethodAccessorImpl.java:62)
	at sun.reflect.DelegatingMethodAccessorImpl.invoke(DelegatingMethodAccessorImpl.java:43)
	at java.lang.reflect.Method.invoke(Method.java:498)
	at org.identityconnectors.framework.impl.api.DelegatingTimeoutProxy.invoke(DelegatingTimeoutProxy.java:107)
	at com.sun.proxy.$Proxy602.create(Unknown Source)
	at sun.reflect.NativeMethodAccessorImpl.invoke0(Native Method)
	at sun.reflect.NativeMethodAccessorImpl.invoke(NativeMethodAccessorImpl.java:62)
	at sun.reflect.DelegatingMethodAccessorImpl.invoke(DelegatingMethodAccessorImpl.java:43)
	at java.lang.reflect.Method.invoke(Method.java:498)
	at org.identityconnectors.framework.impl.api.LoggingProxy.invoke(LoggingProxy.java:76)
	at com.sun.proxy.$Proxy602.create(Unknown Source)
	at org.identityconnectors.framework.impl.api.AbstractConnectorFacade.create(AbstractConnectorFacade.java:123)
	at oracle.iam.connectors.icfcommon.prov.ICProvisioningManager.createObject(ICProvisioningManager.java:345)
	at sun.reflect.NativeMethodAccessorImpl.invoke0(Native Method)
	at sun.reflect.NativeMethodAccessorImpl.invoke(NativeMethodAccessorImpl.java:62)
	at sun.reflect.DelegatingMethodAccessorImpl.invoke(DelegatingMethodAccessorImpl.java:43)
	at java.lang.reflect.Method.invoke(Method.java:498)
	at com.thortech.xl.adapterGlue.ScheduleItemEvents.adpDWEBCREATEUSER.CREATEUSER(adpDWEBCREATEUSER.java:109)
	at com.thortech.xl.adapterGlue.ScheduleItemEvents.adpDWEBCREATEUSER.implementation(adpDWEBCREATEUSER.java:54)
	at com.thortech.xl.client.events.tcBaseEvent.run(tcBaseEvent.java:221)
	at com.thortech.xl.dataobj.tcDataObj.runEvent(tcDataObj.java:2548)
	at com.thortech.xl.dataobj.tcScheduleItem.runMilestoneEvent(tcScheduleItem.java:3801)
	at com.thortech.xl.dataobj.tcScheduleItem.eventPostInsert(tcScheduleItem.java:1101)
	at com.thortech.xl.dataobj.tcDataObj.insert(tcDataObj.java:619)
	at com.thortech.xl.dataobj.tcDataObj.save(tcDataObj.java:484)
	at com.thortech.xl.ejb.beansimpl.tcProvisioningOperationsBean.retryTasks(tcProvisioningOperationsBean.java:4788)
	at Thor.API.Operations.tcProvisioningOperationsIntfEJB.retryTasksx(Unknown Source)
	at Thor.API.Operations.tcProvisioningOperationsIntfEJB_ul47b3_tcProvisioningOperationsIntfRemoteImpl.__WL_invoke(Unknown Source)
	at weblogic.ejb.container.internal.SessionRemoteMethodInvoker.invokeInternal(SessionRemoteMethodInvoker.java:54)
	at weblogic.ejb.container.internal.SessionRemoteMethodInvoker.invoke(SessionRemoteMethodInvoker.java:21)
	at Thor.API.Operations.tcProvisioningOperationsIntfEJB_ul47b3_tcProvisioningOperationsIntfRemoteImpl.retryTasksx(Unknown Source)
	at sun.reflect.NativeMethodAccessorImpl.invoke0(Native Method)
	at sun.reflect.NativeMethodAccessorImpl.invoke(NativeMethodAccessorImpl.java:62)
	at sun.reflect.DelegatingMethodAccessorImpl.invoke(DelegatingMethodAccessorImpl.java:43)
	at java.lang.reflect.Method.invoke(Method.java:498)
	at weblogic.ejb.container.internal.RemoteBusinessIntfProxy.invoke(RemoteBusinessIntfProxy.java:90)
	at com.sun.proxy.$Proxy326.retryTasksx(Unknown Source)
	at Thor.API.Operations.tcProvisioningOperationsIntfDelegate.retryTasks(Unknown Source)
	at oracle.iam.rest.client.services.ProvisionTasksOperationsImpl.retryProvisionTasks(ProvisionTasksOperationsImpl.java:522)
	at oracle.iam.rest.client.services.ProvisionTasksOperationsImpl.updateProvisionTasks(ProvisionTasksOperationsImpl.java:379)
	at oracle.iam.rest.adapter.ProvisionTasksConverterImpl.updateProvisionTasksPerformAction(ProvisionTasksConverterImpl.java:980)
	at oracle.iam.rest.adapter.ProvisionTasksConverterImpl.updateProvisionTasksGroupTasksInvokeActions(ProvisionTasksConverterImpl.java:739)
	at oracle.iam.rest.adapter.ProvisionTasksConverterImpl.updateProvisionTasks(ProvisionTasksConverterImpl.java:467)
	at oracle.iam.rest.self.services.ProvisionTasksImpl.updateProvisionTasks(ProvisionTasksImpl.java:76)
	at sun.reflect.NativeMethodAccessorImpl.invoke0(Native Method)
	at sun.reflect.NativeMethodAccessorImpl.invoke(NativeMethodAccessorImpl.java:62)
	at sun.reflect.DelegatingMethodAccessorImpl.invoke(DelegatingMethodAccessorImpl.java:43)
	at java.lang.reflect.Method.invoke(Method.java:498)
	at org.glassfish.jersey.server.model.internal.ResourceMethodInvocationHandlerFactory$1.invoke(ResourceMethodInvocationHandlerFactory.java:81)
	at org.glassfish.jersey.server.model.internal.AbstractJavaResourceMethodDispatcher$1.run(AbstractJavaResourceMethodDispatcher.java:144)
	at org.glassfish.jersey.server.model.internal.AbstractJavaResourceMethodDispatcher.invoke(AbstractJavaResourceMethodDispatcher.java:161)
	at org.glassfish.jersey.server.model.internal.JavaResourceMethodDispatcherProvider$ResponseOutInvoker.doDispatch(JavaResourceMethodDispatcherProvider.java:160)
	at org.glassfish.jersey.server.model.internal.AbstractJavaResourceMethodDispatcher.dispatch(AbstractJavaResourceMethodDispatcher.java:99)
	at org.glassfish.jersey.server.model.ResourceMethodInvoker.invoke(ResourceMethodInvoker.java:389)
	at org.glassfish.jersey.server.model.ResourceMethodInvoker.apply(ResourceMethodInvoker.java:347)
	at org.glassfish.jersey.server.model.ResourceMethodInvoker.apply(ResourceMethodInvoker.java:102)
	at org.glassfish.jersey.server.ServerRuntime$2.run(ServerRuntime.java:326)
	at org.glassfish.jersey.internal.Errors$1.call(Errors.java:271)
	at org.glassfish.jersey.internal.Errors$1.call(Errors.java:267)
	at org.glassfish.jersey.internal.Errors.process(Errors.java:315)
	at org.glassfish.jersey.internal.Errors.process(Errors.java:297)
	at org.glassfish.jersey.internal.Errors.process(Errors.java:267)
	at org.glassfish.jersey.process.internal.RequestScope.runInScope(RequestScope.java:317)
	at org.glassfish.jersey.server.ServerRuntime.process(ServerRuntime.java:305)
	at org.glassfish.jersey.server.ApplicationHandler.handle(ApplicationHandler.java:1154)
	at org.glassfish.jersey.servlet.WebComponent.serviceImpl(WebComponent.java:473)
	at org.glassfish.jersey.servlet.WebComponent.service(WebComponent.java:427)
	at org.glassfish.jersey.servlet.ServletContainer.service(ServletContainer.java:388)
	at org.glassfish.jersey.servlet.ServletContainer.service(ServletContainer.java:341)
	at org.glassfish.jersey.servlet.ServletContainer.service(ServletContainer.java:228)
	at weblogic.servlet.internal.StubSecurityHelper$ServletServiceAction.run(StubSecurityHelper.java:295)
	at weblogic.servlet.internal.StubSecurityHelper$ServletServiceAction.run(StubSecurityHelper.java:260)
	at weblogic.servlet.internal.StubSecurityHelper.invokeServlet(StubSecurityHelper.java:137)
	at weblogic.servlet.internal.ServletStubImpl.execute(ServletStubImpl.java:353)
	at weblogic.servlet.internal.ServletStubImpl.execute(ServletStubImpl.java:250)
	at weblogic.servlet.internal.RequestDispatcherImpl.invokeServlet(RequestDispatcherImpl.java:636)
	at weblogic.servlet.internal.RequestDispatcherImpl.forward(RequestDispatcherImpl.java:287)
	at oracle.iam.rest.servlet.DispatchServlet.dispatch(DispatchServlet.java:57)
	at oracle.iam.rest.servlet.DispatchServlet.service(DispatchServlet.java:33)
	at javax.servlet.http.HttpServlet.service(HttpServlet.java:790)
	at weblogic.servlet.internal.StubSecurityHelper$ServletServiceAction.run(StubSecurityHelper.java:295)
	at weblogic.servlet.internal.StubSecurityHelper$ServletServiceAction.run(StubSecurityHelper.java:260)
	at weblogic.servlet.internal.StubSecurityHelper.invokeServlet(StubSecurityHelper.java:137)
	at weblogic.servlet.internal.ServletStubImpl.execute(ServletStubImpl.java:353)
	at weblogic.servlet.internal.TailFilter.doFilter(TailFilter.java:25)
	at weblogic.servlet.internal.FilterChainImpl.doFilter(FilterChainImpl.java:78)
	at oracle.wsm.agent.handler.servlet.SecurityFilter$3.run(SecurityFilter.java:532)
	at java.security.AccessController.doPrivileged(Native Method)
	at oracle.security.jps.util.JpsSubject.doAsPrivileged(JpsSubject.java:314)
	at oracle.security.jps.internal.jaas.AccActionExecutor.execute(AccActionExecutor.java:70)
	at oracle.security.jps.internal.jaas.AbstractSubjectSecurity$ActionExecutorWrapper.execute(AbstractSubjectSecurity.java:282)
	at oracle.security.jps.internal.jaas.CascadeActionExecutor$SubjectPrivilegedExceptionAction.run(CascadeActionExecutor.java:82)
	at weblogic.security.acl.internal.AuthenticatedSubject.doAs(AuthenticatedSubject.java:386)
	at weblogic.security.service.SecurityManager.runAs(SecurityManager.java:163)
	at weblogic.security.Security.runAs(Security.java:62)
	at oracle.security.jps.wls.jaas.WlsActionExecutor.execute(WlsActionExecutor.java:50)
	at oracle.security.jps.internal.jaas.CascadeActionExecutor.execute(CascadeActionExecutor.java:55)
	at oracle.security.jps.internal.jaas.AbstractSubjectSecurity$ActionExecutorWrapper.execute(AbstractSubjectSecurity.java:282)
	at oracle.security.jps.internal.jaas.AbstractSubjectSecurity.executeAs(AbstractSubjectSecurity.java:236)
	at oracle.wsm.agent.handler.servlet.SecurityFilter.processRequest(SecurityFilter.java:527)
	at oracle.wsm.agent.handler.servlet.SecurityFilter.doFilter(SecurityFilter.java:329)
	at weblogic.servlet.internal.FilterChainImpl.doFilter(FilterChainImpl.java:78)
	at oracle.iam.rest.filters.CORSFilter.doFilter(CORSFilter.java:85)
	at weblogic.servlet.internal.FilterChainImpl.doFilter(FilterChainImpl.java:78)
	at oracle.iam.rest.filters.DispatchFilter.doFilter(DispatchFilter.java:62)
	at oracle.iam.rest.filters.DispatchFilter.doFilter(DispatchFilter.java:47)
	at weblogic.servlet.internal.FilterChainImpl.doFilter(FilterChainImpl.java:78)
	at oracle.security.jps.ee.http.JpsAbsFilter$3.run(JpsAbsFilter.java:175)
	at java.security.AccessController.doPrivileged(Native Method)
	at oracle.security.jps.util.JpsSubject.doAsPrivileged(JpsSubject.java:314)
	at oracle.security.jps.ee.util.JpsPlatformUtil.runJaasMode(JpsPlatformUtil.java:650)
	at oracle.security.jps.ee.http.JpsAbsFilter.runJaasMode(JpsAbsFilter.java:112)
	at oracle.security.jps.ee.http.JpsAbsFilter.doFilterInternal(JpsAbsFilter.java:293)
	at oracle.security.jps.ee.http.JpsAbsFilter.doFilter(JpsAbsFilter.java:150)
	at oracle.security.jps.ee.http.JpsFilter.doFilter(JpsFilter.java:94)
	at weblogic.servlet.internal.FilterChainImpl.doFilter(FilterChainImpl.java:78)
	at oracle.dms.servlet.DMSServletFilter.doFilter(DMSServletFilter.java:248)
	at weblogic.servlet.internal.FilterChainImpl.doFilter(FilterChainImpl.java:78)
	at oracle.jrf.servlet.ExtensibleGlobalFilter.doFilter(ExtensibleGlobalFilter.java:92)
	at weblogic.servlet.internal.FilterChainImpl.doFilter(FilterChainImpl.java:78)
	at weblogic.servlet.internal.WebAppServletContext$ServletInvocationAction.wrapRun(WebAppServletContext.java:3800)
	at weblogic.servlet.internal.WebAppServletContext$ServletInvocationAction.run(WebAppServletContext.java:3766)
	at weblogic.security.acl.internal.AuthenticatedSubject.doAs(AuthenticatedSubject.java:344)
	at weblogic.security.service.SecurityManager.runAsForUserCode(SecurityManager.java:197)
	at weblogic.servlet.provider.WlsSecurityProvider.runAsForUserCode(WlsSecurityProvider.java:203)
	at weblogic.servlet.provider.WlsSubjectHandle.run(WlsSubjectHandle.java:71)
	at weblogic.servlet.internal.WebAppServletContext.doSecuredExecute(WebAppServletContext.java:2454)
	at weblogic.servlet.internal.WebAppServletContext.securedExecute(WebAppServletContext.java:2302)
	at weblogic.servlet.internal.WebAppServletContext.execute(WebAppServletContext.java:2280)
	at weblogic.servlet.internal.ServletRequestImpl.runInternal(ServletRequestImpl.java:1741)
	at weblogic.servlet.internal.ServletRequestImpl.run(ServletRequestImpl.java:1701)
	at weblogic.servlet.provider.ContainerSupportProviderImpl$WlsRequestExecutor.run(ContainerSupportProviderImpl.java:274)
	at weblogic.invocation.ComponentInvocationContextManager._runAs(ComponentInvocationContextManager.java:352)
	at weblogic.invocation.ComponentInvocationContextManager.runAs(ComponentInvocationContextManager.java:337)
	at weblogic.work.LivePartitionUtility.doRunWorkUnderContext(LivePartitionUtility.java:57)
	at weblogic.work.PartitionUtility.runWorkUnderContext(PartitionUtility.java:41)
	at weblogic.work.SelfTuningWorkManagerImpl.runWorkUnderContext(SelfTuningWorkManagerImpl.java:655)
	at weblogic.work.ExecuteThread.execute(ExecuteThread.java:420)
	at weblogic.work.ExecuteThread.run(ExecuteThread.java:360)

com.sun.xml.ws.fault.ServerSOAPFaultException: Client received SOAP Fault from server: Esquema NO valido: mensaje de entrada Please see the server log to find more detail regarding exact cause of the failure.
	at com.sun.xml.ws.fault.SOAP11Fault.getProtocolException(SOAP11Fault.java:193)
	at com.sun.xml.ws.fault.SOAPFaultBuilder.createException(SOAPFaultBuilder.java:136)
	at com.sun.xml.ws.client.sei.StubHandler.readResponse(StubHandler.java:253)
	at com.sun.xml.ws.db.DatabindingImpl.deserializeResponse(DatabindingImpl.java:205)
	at com.sun.xml.ws.db.DatabindingImpl.deserializeResponse(DatabindingImpl.java:292)
	at com.sun.xml.ws.client.sei.SyncMethodHandler.invoke(SyncMethodHandler.java:119)
	at com.sun.xml.ws.client.sei.SyncMethodHandler.invoke(SyncMethodHandler.java:92)
	at com.sun.xml.ws.client.sei.SEIStub.invoke(SEIStub.java:161)
	at com.sun.proxy.$Proxy606.updateEmployees(Unknown Source)
	at sun.reflect.NativeMethodAccessorImpl.invoke0(Native Method)
	at sun.reflect.NativeMethodAccessorImpl.invoke(NativeMethodAccessorImpl.java:62)
	at sun.reflect.DelegatingMethodAccessorImpl.invoke(DelegatingMethodAccessorImpl.java:43)
	at java.lang.reflect.Method.invoke(Method.java:498)
	at weblogic.wsee.jaxws.spi.ClientInstanceInvocationHandler.invoke(ClientInstanceInvocationHandler.java:148)
	at com.sun.proxy.$Proxy607.updateEmployees(Unknown Source)
	at com.telcel.iam.dealerweb.connector.DWebClient.updateEmployees(DWebClient.java:173)
	at com.telcel.iam.dealerweb.connector.DWebClient.update(DWebClient.java:336)
	at com.telcel.iam.dealerweb.connector.DWebClient.preCreate(DWebClient.java:283)
	at com.telcel.iam.dealerweb.connector.DWebConnector.create(DWebConnector.java:86)
	at org.identityconnectors.framework.impl.api.local.operations.CreateImpl.create(CreateImpl.java:80)
	at sun.reflect.NativeMethodAccessorImpl.invoke0(Native Method)
	at sun.reflect.NativeMethodAccessorImpl.invoke(NativeMethodAccessorImpl.java:62)
	at sun.reflect.DelegatingMethodAccessorImpl.invoke(DelegatingMethodAccessorImpl.java:43)
	at java.lang.reflect.Method.invoke(Method.java:498)
	at org.identityconnectors.framework.impl.api.local.operations.ConnectorAPIOperationRunnerProxy.invoke(ConnectorAPIOperationRunnerProxy.java:93)
	at com.sun.proxy.$Proxy602.create(Unknown Source)
	at sun.reflect.NativeMethodAccessorImpl.invoke0(Native Method)
	at sun.reflect.NativeMethodAccessorImpl.invoke(NativeMethodAccessorImpl.java:62)
	at sun.reflect.DelegatingMethodAccessorImpl.invoke(DelegatingMethodAccessorImpl.java:43)
	at java.lang.reflect.Method.invoke(Method.java:498)
	at org.identityconnectors.framework.impl.api.local.operations.ThreadClassLoaderManagerProxy.invoke(ThreadClassLoaderManagerProxy.java:107)
	at com.sun.proxy.$Proxy602.create(Unknown Source)
	at sun.reflect.NativeMethodAccessorImpl.invoke0(Native Method)
	at sun.reflect.NativeMethodAccessorImpl.invoke(NativeMethodAccessorImpl.java:62)
	at sun.reflect.DelegatingMethodAccessorImpl.invoke(DelegatingMethodAccessorImpl.java:43)
	at java.lang.reflect.Method.invoke(Method.java:498)
	at org.identityconnectors.framework.impl.api.DelegatingTimeoutProxy.invoke(DelegatingTimeoutProxy.java:107)
	at com.sun.proxy.$Proxy602.create(Unknown Source)
	at sun.reflect.NativeMethodAccessorImpl.invoke0(Native Method)
	at sun.reflect.NativeMethodAccessorImpl.invoke(NativeMethodAccessorImpl.java:62)
	at sun.reflect.DelegatingMethodAccessorImpl.invoke(DelegatingMethodAccessorImpl.java:43)
	at java.lang.reflect.Method.invoke(Method.java:498)
	at org.identityconnectors.framework.impl.api.LoggingProxy.invoke(LoggingProxy.java:76)
	at com.sun.proxy.$Proxy602.create(Unknown Source)
	at org.identityconnectors.framework.impl.api.AbstractConnectorFacade.create(AbstractConnectorFacade.java:123)
	at oracle.iam.connectors.icfcommon.prov.ICProvisioningManager.createObject(ICProvisioningManager.java:345)
	at sun.reflect.NativeMethodAccessorImpl.invoke0(Native Method)
	at sun.reflect.NativeMethodAccessorImpl.invoke(NativeMethodAccessorImpl.java:62)
	at sun.reflect.DelegatingMethodAccessorImpl.invoke(DelegatingMethodAccessorImpl.java:43)
	at java.lang.reflect.Method.invoke(Method.java:498)
	at com.thortech.xl.adapterGlue.ScheduleItemEvents.adpDWEBCREATEUSER.CREATEUSER(adpDWEBCREATEUSER.java:109)
	at com.thortech.xl.adapterGlue.ScheduleItemEvents.adpDWEBCREATEUSER.implementation(adpDWEBCREATEUSER.java:54)
	at com.thortech.xl.client.events.tcBaseEvent.run(tcBaseEvent.java:221)
	at com.thortech.xl.dataobj.tcDataObj.runEvent(tcDataObj.java:2548)
	at com.thortech.xl.dataobj.tcScheduleItem.runMilestoneEvent(tcScheduleItem.java:3801)
	at com.thortech.xl.dataobj.tcScheduleItem.eventPostInsert(tcScheduleItem.java:1101)
	at com.thortech.xl.dataobj.tcDataObj.insert(tcDataObj.java:619)
	at com.thortech.xl.dataobj.tcDataObj.save(tcDataObj.java:484)
	at com.thortech.xl.ejb.beansimpl.tcProvisioningOperationsBean.retryTasks(tcProvisioningOperationsBean.java:4788)
	at Thor.API.Operations.tcProvisioningOperationsIntfEJB.retryTasksx(Unknown Source)
	at Thor.API.Operations.tcProvisioningOperationsIntfEJB_ul47b3_tcProvisioningOperationsIntfRemoteImpl.__WL_invoke(Unknown Source)
	at weblogic.ejb.container.internal.SessionRemoteMethodInvoker.invokeInternal(SessionRemoteMethodInvoker.java:54)
	at weblogic.ejb.container.internal.SessionRemoteMethodInvoker.invoke(SessionRemoteMethodInvoker.java:21)
	at Thor.API.Operations.tcProvisioningOperationsIntfEJB_ul47b3_tcProvisioningOperationsIntfRemoteImpl.retryTasksx(Unknown Source)
	at sun.reflect.NativeMethodAccessorImpl.invoke0(Native Method)
	at sun.reflect.NativeMethodAccessorImpl.invoke(NativeMethodAccessorImpl.java:62)
	at sun.reflect.DelegatingMethodAccessorImpl.invoke(DelegatingMethodAccessorImpl.java:43)
	at java.lang.reflect.Method.invoke(Method.java:498)
	at weblogic.ejb.container.internal.RemoteBusinessIntfProxy.invoke(RemoteBusinessIntfProxy.java:90)
	at com.sun.proxy.$Proxy326.retryTasksx(Unknown Source)
	at Thor.API.Operations.tcProvisioningOperationsIntfDelegate.retryTasks(Unknown Source)
	at oracle.iam.rest.client.services.ProvisionTasksOperationsImpl.retryProvisionTasks(ProvisionTasksOperationsImpl.java:522)
	at oracle.iam.rest.client.services.ProvisionTasksOperationsImpl.updateProvisionTasks(ProvisionTasksOperationsImpl.java:379)
	at oracle.iam.rest.adapter.ProvisionTasksConverterImpl.updateProvisionTasksPerformAction(ProvisionTasksConverterImpl.java:980)
	at oracle.iam.rest.adapter.ProvisionTasksConverterImpl.updateProvisionTasksGroupTasksInvokeActions(ProvisionTasksConverterImpl.java:739)
	at oracle.iam.rest.adapter.ProvisionTasksConverterImpl.updateProvisionTasks(ProvisionTasksConverterImpl.java:467)
	at oracle.iam.rest.self.services.ProvisionTasksImpl.updateProvisionTasks(ProvisionTasksImpl.java:76)
	at sun.reflect.NativeMethodAccessorImpl.invoke0(Native Method)
	at sun.reflect.NativeMethodAccessorImpl.invoke(NativeMethodAccessorImpl.java:62)
	at sun.reflect.DelegatingMethodAccessorImpl.invoke(DelegatingMethodAccessorImpl.java:43)
	at java.lang.reflect.Method.invoke(Method.java:498)
	at org.glassfish.jersey.server.model.internal.ResourceMethodInvocationHandlerFactory$1.invoke(ResourceMethodInvocationHandlerFactory.java:81)
	at org.glassfish.jersey.server.model.internal.AbstractJavaResourceMethodDispatcher$1.run(AbstractJavaResourceMethodDispatcher.java:144)
	at org.glassfish.jersey.server.model.internal.AbstractJavaResourceMethodDispatcher.invoke(AbstractJavaResourceMethodDispatcher.java:161)
	at org.glassfish.jersey.server.model.internal.JavaResourceMethodDispatcherProvider$ResponseOutInvoker.doDispatch(JavaResourceMethodDispatcherProvider.java:160)
	at org.glassfish.jersey.server.model.internal.AbstractJavaResourceMethodDispatcher.dispatch(AbstractJavaResourceMethodDispatcher.java:99)
	at org.glassfish.jersey.server.model.ResourceMethodInvoker.invoke(ResourceMethodInvoker.java:389)
	at org.glassfish.jersey.server.model.ResourceMethodInvoker.apply(ResourceMethodInvoker.java:347)
	at org.glassfish.jersey.server.model.ResourceMethodInvoker.apply(ResourceMethodInvoker.java:102)
	at org.glassfish.jersey.server.ServerRuntime$2.run(ServerRuntime.java:326)
	at org.glassfish.jersey.internal.Errors$1.call(Errors.java:271)
	at org.glassfish.jersey.internal.Errors$1.call(Errors.java:267)
	at org.glassfish.jersey.internal.Errors.process(Errors.java:315)
	at org.glassfish.jersey.internal.Errors.process(Errors.java:297)
	at org.glassfish.jersey.internal.Errors.process(Errors.java:267)
	at org.glassfish.jersey.process.internal.RequestScope.runInScope(RequestScope.java:317)
	at org.glassfish.jersey.server.ServerRuntime.process(ServerRuntime.java:305)
	at org.glassfish.jersey.server.ApplicationHandler.handle(ApplicationHandler.java:1154)
	at org.glassfish.jersey.servlet.WebComponent.serviceImpl(WebComponent.java:473)
	at org.glassfish.jersey.servlet.WebComponent.service(WebComponent.java:427)
	at org.glassfish.jersey.servlet.ServletContainer.service(ServletContainer.java:388)
	at org.glassfish.jersey.servlet.ServletContainer.service(ServletContainer.java:341)
	at org.glassfish.jersey.servlet.ServletContainer.service(ServletContainer.java:228)
	at weblogic.servlet.internal.StubSecurityHelper$ServletServiceAction.run(StubSecurityHelper.java:295)
	at weblogic.servlet.internal.StubSecurityHelper$ServletServiceAction.run(StubSecurityHelper.java:260)
	at weblogic.servlet.internal.StubSecurityHelper.invokeServlet(StubSecurityHelper.java:137)
	at weblogic.servlet.internal.ServletStubImpl.execute(ServletStubImpl.java:353)
	at weblogic.servlet.internal.ServletStubImpl.execute(ServletStubImpl.java:250)
	at weblogic.servlet.internal.RequestDispatcherImpl.invokeServlet(RequestDispatcherImpl.java:636)
	at weblogic.servlet.internal.RequestDispatcherImpl.forward(RequestDispatcherImpl.java:287)
	at oracle.iam.rest.servlet.DispatchServlet.dispatch(DispatchServlet.java:57)
	at oracle.iam.rest.servlet.DispatchServlet.service(DispatchServlet.java:33)
	at javax.servlet.http.HttpServlet.service(HttpServlet.java:790)
	at weblogic.servlet.internal.StubSecurityHelper$ServletServiceAction.run(StubSecurityHelper.java:295)
	at weblogic.servlet.internal.StubSecurityHelper$ServletServiceAction.run(StubSecurityHelper.java:260)
	at weblogic.servlet.internal.StubSecurityHelper.invokeServlet(StubSecurityHelper.java:137)
	at weblogic.servlet.internal.ServletStubImpl.execute(ServletStubImpl.java:353)
	at weblogic.servlet.internal.TailFilter.doFilter(TailFilter.java:25)
	at weblogic.servlet.internal.FilterChainImpl.doFilter(FilterChainImpl.java:78)
	at oracle.wsm.agent.handler.servlet.SecurityFilter$3.run(SecurityFilter.java:532)
	at java.security.AccessController.doPrivileged(Native Method)
	at oracle.security.jps.util.JpsSubject.doAsPrivileged(JpsSubject.java:314)
	at oracle.security.jps.internal.jaas.AccActionExecutor.execute(AccActionExecutor.java:70)
	at oracle.security.jps.internal.jaas.AbstractSubjectSecurity$ActionExecutorWrapper.execute(AbstractSubjectSecurity.java:282)
	at oracle.security.jps.internal.jaas.CascadeActionExecutor$SubjectPrivilegedExceptionAction.run(CascadeActionExecutor.java:82)
	at weblogic.security.acl.internal.AuthenticatedSubject.doAs(AuthenticatedSubject.java:386)
	at weblogic.security.service.SecurityManager.runAs(SecurityManager.java:163)
	at weblogic.security.Security.runAs(Security.java:62)
	at oracle.security.jps.wls.jaas.WlsActionExecutor.execute(WlsActionExecutor.java:50)
	at oracle.security.jps.internal.jaas.CascadeActionExecutor.execute(CascadeActionExecutor.java:55)
	at oracle.security.jps.internal.jaas.AbstractSubjectSecurity$ActionExecutorWrapper.execute(AbstractSubjectSecurity.java:282)
	at oracle.security.jps.internal.jaas.AbstractSubjectSecurity.executeAs(AbstractSubjectSecurity.java:236)
	at oracle.wsm.agent.handler.servlet.SecurityFilter.processRequest(SecurityFilter.java:527)
	at oracle.wsm.agent.handler.servlet.SecurityFilter.doFilter(SecurityFilter.java:329)
	at weblogic.servlet.internal.FilterChainImpl.doFilter(FilterChainImpl.java:78)
	at oracle.iam.rest.filters.CORSFilter.doFilter(CORSFilter.java:85)
	at weblogic.servlet.internal.FilterChainImpl.doFilter(FilterChainImpl.java:78)
	at oracle.iam.rest.filters.DispatchFilter.doFilter(DispatchFilter.java:62)
	at oracle.iam.rest.filters.DispatchFilter.doFilter(DispatchFilter.java:47)
	at weblogic.servlet.internal.FilterChainImpl.doFilter(FilterChainImpl.java:78)
	at oracle.security.jps.ee.http.JpsAbsFilter$3.run(JpsAbsFilter.java:175)
	at java.security.AccessController.doPrivileged(Native Method)
	at oracle.security.jps.util.JpsSubject.doAsPrivileged(JpsSubject.java:314)
	at oracle.security.jps.ee.util.JpsPlatformUtil.runJaasMode(JpsPlatformUtil.java:650)
	at oracle.security.jps.ee.http.JpsAbsFilter.runJaasMode(JpsAbsFilter.java:112)
	at oracle.security.jps.ee.http.JpsAbsFilter.doFilterInternal(JpsAbsFilter.java:293)
	at oracle.security.jps.ee.http.JpsAbsFilter.doFilter(JpsAbsFilter.java:150)
	at oracle.security.jps.ee.http.JpsFilter.doFilter(JpsFilter.java:94)
	at weblogic.servlet.internal.FilterChainImpl.doFilter(FilterChainImpl.java:78)
	at oracle.dms.servlet.DMSServletFilter.doFilter(DMSServletFilter.java:248)
	at weblogic.servlet.internal.FilterChainImpl.doFilter(FilterChainImpl.java:78)
	at oracle.jrf.servlet.ExtensibleGlobalFilter.doFilter(ExtensibleGlobalFilter.java:92)
	at weblogic.servlet.internal.FilterChainImpl.doFilter(FilterChainImpl.java:78)
	at weblogic.servlet.internal.WebAppServletContext$ServletInvocationAction.wrapRun(WebAppServletContext.java:3800)
	at weblogic.servlet.internal.WebAppServletContext$ServletInvocationAction.run(WebAppServletContext.java:3766)
	at weblogic.security.acl.internal.AuthenticatedSubject.doAs(AuthenticatedSubject.java:344)
	at weblogic.security.service.SecurityManager.runAsForUserCode(SecurityManager.java:197)
	at weblogic.servlet.provider.WlsSecurityProvider.runAsForUserCode(WlsSecurityProvider.java:203)
	at weblogic.servlet.provider.WlsSubjectHandle.run(WlsSubjectHandle.java:71)
	at weblogic.servlet.internal.WebAppServletContext.doSecuredExecute(WebAppServletContext.java:2454)
	at weblogic.servlet.internal.WebAppServletContext.securedExecute(WebAppServletContext.java:2302)
	at weblogic.servlet.internal.WebAppServletContext.execute(WebAppServletContext.java:2280)
	at weblogic.servlet.internal.ServletRequestImpl.runInternal(ServletRequestImpl.java:1741)
	at weblogic.servlet.internal.ServletRequestImpl.run(ServletRequestImpl.java:1701)
	at weblogic.servlet.provider.ContainerSupportProviderImpl$WlsRequestExecutor.run(ContainerSupportProviderImpl.java:274)
	at weblogic.invocation.ComponentInvocationContextManager._runAs(ComponentInvocationContextManager.java:352)
	at weblogic.invocation.ComponentInvocationContextManager.runAs(ComponentInvocationContextManager.java:337)
	at weblogic.work.LivePartitionUtility.doRunWorkUnderContext(LivePartitionUtility.java:57)
	at weblogic.work.PartitionUtility.runWorkUnderContext(PartitionUtility.java:41)
	at weblogic.work.SelfTuningWorkManagerImpl.runWorkUnderContext(SelfTuningWorkManagerImpl.java:655)
	at weblogic.work.ExecuteThread.execute(ExecuteThread.java:420)
	at weblogic.work.ExecuteThread.run(ExecuteThread.java:360)
> 
2026-10-06 21:29:24.469 [INFO] com.telcel.iam.dealerweb.connector.DWebConnector - dispose
<Oct 6, 2026 9:29:24,478 PM CST> <Error> <ORACLE.IAM.CONNECTORS.ICFCOMMON.PROV.ICPROVISIONINGMANAGER> <BEA-000000> <oracle.iam.connectors.icfcommon.prov.ICProvisioningManager : createObject : Error while creating user
com.sun.xml.ws.fault.ServerSOAPFaultException: Client received SOAP Fault from server: Esquema NO valido: mensaje de entrada Please see the server log to find more detail regarding exact cause of the failure.
	at com.sun.xml.ws.fault.SOAP11Fault.getProtocolException(SOAP11Fault.java:193)
	at com.sun.xml.ws.fault.SOAPFaultBuilder.createException(SOAPFaultBuilder.java:136)
	at com.sun.xml.ws.client.sei.StubHandler.readResponse(StubHandler.java:253)
	at com.sun.xml.ws.db.DatabindingImpl.deserializeResponse(DatabindingImpl.java:205)
	at com.sun.xml.ws.db.DatabindingImpl.deserializeResponse(DatabindingImpl.java:292)
	at com.sun.xml.ws.client.sei.SyncMethodHandler.invoke(SyncMethodHandler.java:119)
	at com.sun.xml.ws.client.sei.SyncMethodHandler.invoke(SyncMethodHandler.java:92)
	at com.sun.xml.ws.client.sei.SEIStub.invoke(SEIStub.java:161)
	at com.sun.proxy.$Proxy606.updateEmployees(Unknown Source)
	at sun.reflect.NativeMethodAccessorImpl.invoke0(Native Method)
	at sun.reflect.NativeMethodAccessorImpl.invoke(NativeMethodAccessorImpl.java:62)
	at sun.reflect.DelegatingMethodAccessorImpl.invoke(DelegatingMethodAccessorImpl.java:43)
	at java.lang.reflect.Method.invoke(Method.java:498)
	at weblogic.wsee.jaxws.spi.ClientInstanceInvocationHandler.invoke(ClientInstanceInvocationHandler.java:148)
	at com.sun.proxy.$Proxy607.updateEmployees(Unknown Source)
	at com.telcel.iam.dealerweb.connector.DWebClient.updateEmployees(DWebClient.java:173)
	at com.telcel.iam.dealerweb.connector.DWebClient.update(DWebClient.java:336)
	at com.telcel.iam.dealerweb.connector.DWebClient.preCreate(DWebClient.java:283)
	at com.telcel.iam.dealerweb.connector.DWebConnector.create(DWebConnector.java:86)
	at org.identityconnectors.framework.impl.api.local.operations.CreateImpl.create(CreateImpl.java:80)
	at sun.reflect.NativeMethodAccessorImpl.invoke0(Native Method)
	at sun.reflect.NativeMethodAccessorImpl.invoke(NativeMethodAccessorImpl.java:62)
	at sun.reflect.DelegatingMethodAccessorImpl.invoke(DelegatingMethodAccessorImpl.java:43)
	at java.lang.reflect.Method.invoke(Method.java:498)
	at org.identityconnectors.framework.impl.api.local.operations.ConnectorAPIOperationRunnerProxy.invoke(ConnectorAPIOperationRunnerProxy.java:93)
	at com.sun.proxy.$Proxy602.create(Unknown Source)
	at sun.reflect.NativeMethodAccessorImpl.invoke0(Native Method)
	at sun.reflect.NativeMethodAccessorImpl.invoke(NativeMethodAccessorImpl.java:62)
	at sun.reflect.DelegatingMethodAccessorImpl.invoke(DelegatingMethodAccessorImpl.java:43)
	at java.lang.reflect.Method.invoke(Method.java:498)
	at org.identityconnectors.framework.impl.api.local.operations.ThreadClassLoaderManagerProxy.invoke(ThreadClassLoaderManagerProxy.java:107)
	at com.sun.proxy.$Proxy602.create(Unknown Source)
	at sun.reflect.NativeMethodAccessorImpl.invoke0(Native Method)
	at sun.reflect.NativeMethodAccessorImpl.invoke(NativeMethodAccessorImpl.java:62)
	at sun.reflect.DelegatingMethodAccessorImpl.invoke(DelegatingMethodAccessorImpl.java:43)
	at java.lang.reflect.Method.invoke(Method.java:498)
	at org.identityconnectors.framework.impl.api.DelegatingTimeoutProxy.invoke(DelegatingTimeoutProxy.java:107)
	at com.sun.proxy.$Proxy602.create(Unknown Source)
	at sun.reflect.NativeMethodAccessorImpl.invoke0(Native Method)
	at sun.reflect.NativeMethodAccessorImpl.invoke(NativeMethodAccessorImpl.java:62)
	at sun.reflect.DelegatingMethodAccessorImpl.invoke(DelegatingMethodAccessorImpl.java:43)
	at java.lang.reflect.Method.invoke(Method.java:498)
	at org.identityconnectors.framework.impl.api.LoggingProxy.invoke(LoggingProxy.java:76)
	at com.sun.proxy.$Proxy602.create(Unknown Source)
	at org.identityconnectors.framework.impl.api.AbstractConnectorFacade.create(AbstractConnectorFacade.java:123)
	at oracle.iam.connectors.icfcommon.prov.ICProvisioningManager.createObject(ICProvisioningManager.java:345)
	at sun.reflect.NativeMethodAccessorImpl.invoke0(Native Method)
	at sun.reflect.NativeMethodAccessorImpl.invoke(NativeMethodAccessorImpl.java:62)
	at sun.reflect.DelegatingMethodAccessorImpl.invoke(DelegatingMethodAccessorImpl.java:43)
	at java.lang.reflect.Method.invoke(Method.java:498)
	at com.thortech.xl.adapterGlue.ScheduleItemEvents.adpDWEBCREATEUSER.CREATEUSER(adpDWEBCREATEUSER.java:109)
	at com.thortech.xl.adapterGlue.ScheduleItemEvents.adpDWEBCREATEUSER.implementation(adpDWEBCREATEUSER.java:54)
	at com.thortech.xl.client.events.tcBaseEvent.run(tcBaseEvent.java:221)
	at com.thortech.xl.dataobj.tcDataObj.runEvent(tcDataObj.java:2548)
	at com.thortech.xl.dataobj.tcScheduleItem.runMilestoneEvent(tcScheduleItem.java:3801)
	at com.thortech.xl.dataobj.tcScheduleItem.eventPostInsert(tcScheduleItem.java:1101)
	at com.thortech.xl.dataobj.tcDataObj.insert(tcDataObj.java:619)
	at com.thortech.xl.dataobj.tcDataObj.save(tcDataObj.java:484)
	at com.thortech.xl.ejb.beansimpl.tcProvisioningOperationsBean.retryTasks(tcProvisioningOperationsBean.java:4788)
	at Thor.API.Operations.tcProvisioningOperationsIntfEJB.retryTasksx(Unknown Source)
	at Thor.API.Operations.tcProvisioningOperationsIntfEJB_ul47b3_tcProvisioningOperationsIntfRemoteImpl.__WL_invoke(Unknown Source)
	at weblogic.ejb.container.internal.SessionRemoteMethodInvoker.invokeInternal(SessionRemoteMethodInvoker.java:54)
	at weblogic.ejb.container.internal.SessionRemoteMethodInvoker.invoke(SessionRemoteMethodInvoker.java:21)
	at Thor.API.Operations.tcProvisioningOperationsIntfEJB_ul47b3_tcProvisioningOperationsIntfRemoteImpl.retryTasksx(Unknown Source)
	at sun.reflect.NativeMethodAccessorImpl.invoke0(Native Method)
	at sun.reflect.NativeMethodAccessorImpl.invoke(NativeMethodAccessorImpl.java:62)
	at sun.reflect.DelegatingMethodAccessorImpl.invoke(DelegatingMethodAccessorImpl.java:43)
	at java.lang.reflect.Method.invoke(Method.java:498)
	at weblogic.ejb.container.internal.RemoteBusinessIntfProxy.invoke(RemoteBusinessIntfProxy.java:90)
	at com.sun.proxy.$Proxy326.retryTasksx(Unknown Source)
	at Thor.API.Operations.tcProvisioningOperationsIntfDelegate.retryTasks(Unknown Source)
	at oracle.iam.rest.client.services.ProvisionTasksOperationsImpl.retryProvisionTasks(ProvisionTasksOperationsImpl.java:522)
	at oracle.iam.rest.client.services.ProvisionTasksOperationsImpl.updateProvisionTasks(ProvisionTasksOperationsImpl.java:379)
	at oracle.iam.rest.adapter.ProvisionTasksConverterImpl.updateProvisionTasksPerformAction(ProvisionTasksConverterImpl.java:980)
	at oracle.iam.rest.adapter.ProvisionTasksConverterImpl.updateProvisionTasksGroupTasksInvokeActions(ProvisionTasksConverterImpl.java:739)
	at oracle.iam.rest.adapter.ProvisionTasksConverterImpl.updateProvisionTasks(ProvisionTasksConverterImpl.java:467)
	at oracle.iam.rest.self.services.ProvisionTasksImpl.updateProvisionTasks(ProvisionTasksImpl.java:76)
	at sun.reflect.NativeMethodAccessorImpl.invoke0(Native Method)
	at sun.reflect.NativeMethodAccessorImpl.invoke(NativeMethodAccessorImpl.java:62)
	at sun.reflect.DelegatingMethodAccessorImpl.invoke(DelegatingMethodAccessorImpl.java:43)
	at java.lang.reflect.Method.invoke(Method.java:498)
	at org.glassfish.jersey.server.model.internal.ResourceMethodInvocationHandlerFactory$1.invoke(ResourceMethodInvocationHandlerFactory.java:81)
	at org.glassfish.jersey.server.model.internal.AbstractJavaResourceMethodDispatcher$1.run(AbstractJavaResourceMethodDispatcher.java:144)
	at org.glassfish.jersey.server.model.internal.AbstractJavaResourceMethodDispatcher.invoke(AbstractJavaResourceMethodDispatcher.java:161)
	at org.glassfish.jersey.server.model.internal.JavaResourceMethodDispatcherProvider$ResponseOutInvoker.doDispatch(JavaResourceMethodDispatcherProvider.java:160)
	at org.glassfish.jersey.server.model.internal.AbstractJavaResourceMethodDispatcher.dispatch(AbstractJavaResourceMethodDispatcher.java:99)
	at org.glassfish.jersey.server.model.ResourceMethodInvoker.invoke(ResourceMethodInvoker.java:389)
	at org.glassfish.jersey.server.model.ResourceMethodInvoker.apply(ResourceMethodInvoker.java:347)
	at org.glassfish.jersey.server.model.ResourceMethodInvoker.apply(ResourceMethodInvoker.java:102)
	at org.glassfish.jersey.server.ServerRuntime$2.run(ServerRuntime.java:326)
	at org.glassfish.jersey.internal.Errors$1.call(Errors.java:271)
	at org.glassfish.jersey.internal.Errors$1.call(Errors.java:267)
	at org.glassfish.jersey.internal.Errors.process(Errors.java:315)
	at org.glassfish.jersey.internal.Errors.process(Errors.java:297)
	at org.glassfish.jersey.internal.Errors.process(Errors.java:267)
	at org.glassfish.jersey.process.internal.RequestScope.runInScope(RequestScope.java:317)
	at org.glassfish.jersey.server.ServerRuntime.process(ServerRuntime.java:305)
	at org.glassfish.jersey.server.ApplicationHandler.handle(ApplicationHandler.java:1154)
	at org.glassfish.jersey.servlet.WebComponent.serviceImpl(WebComponent.java:473)
	at org.glassfish.jersey.servlet.WebComponent.service(WebComponent.java:427)
	at org.glassfish.jersey.servlet.ServletContainer.service(ServletContainer.java:388)
	at org.glassfish.jersey.servlet.ServletContainer.service(ServletContainer.java:341)
	at org.glassfish.jersey.servlet.ServletContainer.service(ServletContainer.java:228)
	at weblogic.servlet.internal.StubSecurityHelper$ServletServiceAction.run(StubSecurityHelper.java:295)
	at weblogic.servlet.internal.StubSecurityHelper$ServletServiceAction.run(StubSecurityHelper.java:260)
	at weblogic.servlet.internal.StubSecurityHelper.invokeServlet(StubSecurityHelper.java:137)
	at weblogic.servlet.internal.ServletStubImpl.execute(ServletStubImpl.java:353)
	at weblogic.servlet.internal.ServletStubImpl.execute(ServletStubImpl.java:250)
	at weblogic.servlet.internal.RequestDispatcherImpl.invokeServlet(RequestDispatcherImpl.java:636)
	at weblogic.servlet.internal.RequestDispatcherImpl.forward(RequestDispatcherImpl.java:287)
	at oracle.iam.rest.servlet.DispatchServlet.dispatch(DispatchServlet.java:57)
	at oracle.iam.rest.servlet.DispatchServlet.service(DispatchServlet.java:33)
	at javax.servlet.http.HttpServlet.service(HttpServlet.java:790)
	at weblogic.servlet.internal.StubSecurityHelper$ServletServiceAction.run(StubSecurityHelper.java:295)
	at weblogic.servlet.internal.StubSecurityHelper$ServletServiceAction.run(StubSecurityHelper.java:260)
	at weblogic.servlet.internal.StubSecurityHelper.invokeServlet(StubSecurityHelper.java:137)
	at weblogic.servlet.internal.ServletStubImpl.execute(ServletStubImpl.java:353)
	at weblogic.servlet.internal.TailFilter.doFilter(TailFilter.java:25)
	at weblogic.servlet.internal.FilterChainImpl.doFilter(FilterChainImpl.java:78)
	at oracle.wsm.agent.handler.servlet.SecurityFilter$3.run(SecurityFilter.java:532)
	at java.security.AccessController.doPrivileged(Native Method)
	at oracle.security.jps.util.JpsSubject.doAsPrivileged(JpsSubject.java:314)
	at oracle.security.jps.internal.jaas.AccActionExecutor.execute(AccActionExecutor.java:70)
	at oracle.security.jps.internal.jaas.AbstractSubjectSecurity$ActionExecutorWrapper.execute(AbstractSubjectSecurity.java:282)
	at oracle.security.jps.internal.jaas.CascadeActionExecutor$SubjectPrivilegedExceptionAction.run(CascadeActionExecutor.java:82)
	at weblogic.security.acl.internal.AuthenticatedSubject.doAs(AuthenticatedSubject.java:386)
	at weblogic.security.service.SecurityManager.runAs(SecurityManager.java:163)
	at weblogic.security.Security.runAs(Security.java:62)
	at oracle.security.jps.wls.jaas.WlsActionExecutor.execute(WlsActionExecutor.java:50)
	at oracle.security.jps.internal.jaas.CascadeActionExecutor.execute(CascadeActionExecutor.java:55)
	at oracle.security.jps.internal.jaas.AbstractSubjectSecurity$ActionExecutorWrapper.execute(AbstractSubjectSecurity.java:282)
	at oracle.security.jps.internal.jaas.AbstractSubjectSecurity.executeAs(AbstractSubjectSecurity.java:236)
	at oracle.wsm.agent.handler.servlet.SecurityFilter.processRequest(SecurityFilter.java:527)
	at oracle.wsm.agent.handler.servlet.SecurityFilter.doFilter(SecurityFilter.java:329)
	at weblogic.servlet.internal.FilterChainImpl.doFilter(FilterChainImpl.java:78)
	at oracle.iam.rest.filters.CORSFilter.doFilter(CORSFilter.java:85)
	at weblogic.servlet.internal.FilterChainImpl.doFilter(FilterChainImpl.java:78)
	at oracle.iam.rest.filters.DispatchFilter.doFilter(DispatchFilter.java:62)
	at oracle.iam.rest.filters.DispatchFilter.doFilter(DispatchFilter.java:47)
	at weblogic.servlet.internal.FilterChainImpl.doFilter(FilterChainImpl.java:78)
	at oracle.security.jps.ee.http.JpsAbsFilter$3.run(JpsAbsFilter.java:175)
	at java.security.AccessController.doPrivileged(Native Method)
	at oracle.security.jps.util.JpsSubject.doAsPrivileged(JpsSubject.java:314)
	at oracle.security.jps.ee.util.JpsPlatformUtil.runJaasMode(JpsPlatformUtil.java:650)
	at oracle.security.jps.ee.http.JpsAbsFilter.runJaasMode(JpsAbsFilter.java:112)
	at oracle.security.jps.ee.http.JpsAbsFilter.doFilterInternal(JpsAbsFilter.java:293)
	at oracle.security.jps.ee.http.JpsAbsFilter.doFilter(JpsAbsFilter.java:150)
	at oracle.security.jps.ee.http.JpsFilter.doFilter(JpsFilter.java:94)
	at weblogic.servlet.internal.FilterChainImpl.doFilter(FilterChainImpl.java:78)
	at oracle.dms.servlet.DMSServletFilter.doFilter(DMSServletFilter.java:248)
	at weblogic.servlet.internal.FilterChainImpl.doFilter(FilterChainImpl.java:78)
	at oracle.jrf.servlet.ExtensibleGlobalFilter.doFilter(ExtensibleGlobalFilter.java:92)
	at weblogic.servlet.internal.FilterChainImpl.doFilter(FilterChainImpl.java:78)
	at weblogic.servlet.internal.WebAppServletContext$ServletInvocationAction.wrapRun(WebAppServletContext.java:3800)
	at weblogic.servlet.internal.WebAppServletContext$ServletInvocationAction.run(WebAppServletContext.java:3766)
	at weblogic.security.acl.internal.AuthenticatedSubject.doAs(AuthenticatedSubject.java:344)
	at weblogic.security.service.SecurityManager.runAsForUserCode(SecurityManager.java:197)
	at weblogic.servlet.provider.WlsSecurityProvider.runAsForUserCode(WlsSecurityProvider.java:203)
	at weblogic.servlet.provider.WlsSubjectHandle.run(WlsSubjectHandle.java:71)
	at weblogic.servlet.internal.WebAppServletContext.doSecuredExecute(WebAppServletContext.java:2454)
	at weblogic.servlet.internal.WebAppServletContext.securedExecute(WebAppServletContext.java:2302)
	at weblogic.servlet.internal.WebAppServletContext.execute(WebAppServletContext.java:2280)
	at weblogic.servlet.internal.ServletRequestImpl.runInternal(ServletRequestImpl.java:1741)
	at weblogic.servlet.internal.ServletRequestImpl.run(ServletRequestImpl.java:1701)
	at weblogic.servlet.provider.ContainerSupportProviderImpl$WlsRequestExecutor.run(ContainerSupportProviderImpl.java:274)
	at weblogic.invocation.ComponentInvocationContextManager._runAs(ComponentInvocationContextManager.java:352)
	at weblogic.invocation.ComponentInvocationContextManager.runAs(ComponentInvocationContextManager.java:337)
	at weblogic.work.LivePartitionUtility.doRunWorkUnderContext(LivePartitionUtility.java:57)
	at weblogic.work.PartitionUtility.runWorkUnderContext(PartitionUtility.java:41)
	at weblogic.work.SelfTuningWorkManagerImpl.runWorkUnderContext(SelfTuningWorkManagerImpl.java:655)
	at weblogic.work.ExecuteThread.execute(ExecuteThread.java:420)
	at weblogic.work.ExecuteThread.run(ExecuteThread.java:360)
> 
<Oct 6, 2026 9:30:31,157 PM CST> <Warning> <XELLERATE.SCHEDULER.TASK> <BEA-000000> <AccessPolicy: tcTskUsrEvaluatePolicies/init: maxWorkerCount: 5 batchSize: 500 maxExecutionTimeMins: null startTime: 1791343831157> 
